ID,ProjectID,CommitURL,BuggyCommitID,RepairedCommitID,Class,Method,ModifiedStatements,CLASS:METHOD_CALL:INSERTED:global:Date,RESERVED:CONDITION:INSERTED:global:falsey,RESERVED:CONDITION:UPDATED:global:falsey,RESERVED:CONDITION:REMOVED:global:falsey,METHOD:METHOD_CALL:INSERTED:global:replace,METHOD:METHOD_CALL:REMOVED:global:replace,METHOD:METHOD_CALL:INSERTED:global:pop,CLASS:METHOD_CALL:INSERTED:global:JSON,METHOD:METHOD_CALL:INSERTED:global:indexOf,METHOD:METHOD_CALL:REMOVED:global:indexOf,CLASS:METHOD_CALL:INSERTED:global:Object,FIELD:EXPRESSION:INSERTED:global:message,METHOD:METHOD_CALL:INSERTED:global:stringify,METHOD:METHOD_CALL:INSERTED:global:toString,METHOD:METHOD_CALL:REMOVED:global:toString,METHOD:METHOD_CALL:UPDATED:global:parse,METHOD:METHOD_CALL:REMOVED:global:parse,METHOD:METHOD_CALL:INSERTED:global:parse,RESERVED:CONDITION:INSERTED:global:typeof,RESERVED:CONDITION:REMOVED:global:typeof,RESERVED:CONDITION:UPDATED:global:typeof,METHOD:METHOD_CALL:REMOVED:global:push,METHOD:METHOD_CALL:INSERTED:global:push,RESERVED:ARGUMENT:INSERTED:global:arguments,METHOD:METHOD_CALL:INSERTED:global:keys,RESERVED:CONDITION:REMOVED:global:eq,RESERVED:CONDITION:INSERTED:global:eq,RESERVED:CONDITION:UPDATED:global:eq,RESERVED:STATEMENT:INSERTED:global:var,RESERVED:STATEMENT:UPDATED:global:var,RESERVED:STATEMENT:UPDATED:global:return,RESERVED:STATEMENT:REMOVED:global:var,RESERVED:STATEMENT:INSERTED:global:return,RESERVED:STATEMENT:REMOVED:global:return,RESERVED:CONDITION:INSERTED:global:return,METHOD:METHOD_CALL:INSERTED:global:split,METHOD:METHOD_CALL:REMOVED:global:search,RESERVED:CONDITION:REMOVED:global:false,RESERVED:ASSIGNMENT_RHS:REMOVED:global:false,RESERVED:ASSIGNMENT_RHS:INSERTED:global:false,RESERVED:CONDITION:INSERTED:global:false,RESERVED:CONDITION:UPDATED:global:sheq,RESERVED:CONDITION:INSERTED:global:sheq,RESERVED:CONDITION:REMOVED:global:sheq,RESERVED:ASSIGNMENT_RHS:INSERTED:global:true,RESERVED:ASSIGNMENT_RHS:REMOVED:global:true,RESERVED:CONDITION:INSERTED:global:true,RESERVED:CONDITION:REMOVED:global:true,RESERVED:ARGUMENT:INSERTED:global:true,METHOD:METHOD_CALL:INSERTED:global:concat,RESERVED:ASSIGNMENT_LHS:INSERTED:global:this,RESERVED:METHOD_CALL:INSERTED:global:this,RESERVED:ASSIGNMENT_RHS:INSERTED:global:this,METHOD:METHOD_CALL:REMOVED:global:isNaN,METHOD:METHOD_CALL:INSERTED:global:isNaN,RESERVED:METHOD_CALL:REMOVED:global:static,RESERVED:VARIABLE_DECLARATION:INSERTED:global:static,RESERVED:METHOD_CALL:INSERTED:global:static,METHOD:METHOD_CALL:INSERTED:global:match,RESERVED:STATEMENT:INSERTED:global:try,FIELD:EXPRESSION:INSERTED:global:name,FIELD:CONDITION:INSERTED:global:name,METHOD:METHOD_CALL:INSERTED:global:parseInt,METHOD:METHOD_CALL:REMOVED:global:parseInt,RESERVED:CONDITION:INSERTED:global:null,FIELD:CONDITION:REMOVED:global:length,RESERVED:CONDITION:REMOVED:global:null,RESERVED:ARGUMENT:INSERTED:global:null,FIELD:ASSIGNMENT_RHS:INSERTED:global:length,RESERVED:ARGUMENT:REMOVED:global:null,RESERVED:ASSIGNMENT_RHS:INSERTED:global:null,FIELD:CONDITION:INSERTED:global:length,METHOD:METHOD_CALL:INSERTED:global:max,RESERVED:ARGUMENT:INSERTED:global:error,RESERVED:ARGUMENT:REMOVED:global:error,RESERVED:PARAMETER_DECLARATION:INSERTED:global:error,RESERVED:CONDITION:INSERTED:global:error,RESERVED:EXPRESSION:UPDATED:global:error,RESERVED:ASSIGNMENT_LHS:INSERTED:global:error,RESERVED:CONDITION:REMOVED:global:error,RESERVED:EXCEPTION_CATCH:INSERTED:global:error,RESERVED:PARAMETER_DECLARATION:REMOVED:global:error,RESERVED:METHOD_CALL:REMOVED:global:error,RESERVED:METHOD_CALL:INSERTED:global:error,RESERVED:EXPRESSION:INSERTED:global:error,RESERVED:STATEMENT:UPDATED:global:new,RESERVED:STATEMENT:INSERTED:global:new,RESERVED:STATEMENT:REMOVED:global:new,RESERVED:METHOD_CALL:INSERTED:global:callback,RESERVED:PARAMETER_DECLARATION:INSERTED:global:callback,RESERVED:METHOD_CALL:REMOVED:global:callback,RESERVED:ARGUMENT:INSERTED:global:callback,RESERVED:CONDITION:REMOVED:global:callback,RESERVED:CONDITION:INSERTED:global:callback,CLASS:METHOD_CALL:INSERTED:global:Math,RESERVED:CONDITION:INSERTED:global:undefined,RESERVED:CONDITION:REMOVED:global:undefined
10,BUG_FIX,mediacenterjs,https://github.com/jansmolders86/mediacenterjs/commit/434123cdc3e3731e9bd4b4d9cb21784c7e91a550,34f9fcb075e6cc9e2d431c127a9f3900fc49ce83,434123cdc3e3731e9bd4b4d9cb21784c7e91a550,'\'ClassNA\'','\'MethodNA\'','?',0.4,0,0,0,0,0,0,0,0,0,0,0,0,0,0,0,0,0,0,2,0,0,0,0,0,0,0,0,0,0,0,0,0,0,0,0,0,0,0,0,0,0,0,0,0,0,0,0,0,0,0,0,0,0,0,0,0,0,0,0,0,0,0,0,0,1,0,0,0,0,0,0,0,0,0,0,0,0,0,0,0,0,0,0,0,0,0,0,0,0,0,0,0,0,0,0,1,0
76,BUG_FIX,mediacenterjs,https://github.com/jansmolders86/mediacenterjs/commit/b44a672d6ab915dd2e2749d1a0bd9674c6322357,f462881677f4bcb9ed0863e3b70efd6e4eba2321,b44a672d6ab915dd2e2749d1a0bd9674c6322357,'\'ClassNA\'','\'MethodNA\'','?',0.2,0,0,0,0,0,0,0,0,0,0,0,0,0,0,0,0,0,0,0,0,0,0,0,0,0,0,0,0,0,0,0,0,0,0,0,0,0,0,0,0,0,0,0,0,1,0,0,0,0,0,0,0,0,0,0,0,0,0,0,0,0,0,0,0,0,0,0,0,0,0,0,0,0,0,0,0,0,0,0,0,0,0,0,0,0,0,0,0,0,0,0,0,0,0,0,0,0
77,BUG_FIX,mediacenterjs,https://github.com/jansmolders86/mediacenterjs/commit/735a62390966be2574727b0cfe7e08d6d05aa3f6,ca28f6e60e356052cac616f8f88560982217fa98,735a62390966be2574727b0cfe7e08d6d05aa3f6,'\'ClassNA\'','\'MethodNA\'','?',0.2,0,0,0,0,0,0,0,0,0,0,0,0,0,0,0,0,0,0,0,0,0,0,0,0,0,0,0,0,0,0,0,0,0,0,0,0,0,0,0,0,0,0,0,0,0,0,0,0,0,0,0,0,0,0,0,0,0,0,0,0,0,0,0,0,0,0,0,0,0,0,0,0,0,0,1,0,0,0,0,0,0,0,0,0,0,0,0,0,0,0,0,0,0,0,0,0,0
79,BUG_FIX,mediacenterjs,https://github.com/jansmolders86/mediacenterjs/commit/f462881677f4bcb9ed0863e3b70efd6e4eba2321,48ddf0f13b3bca96aae937d7c83dc22e5a6ea292,f462881677f4bcb9ed0863e3b70efd6e4eba2321,'\'ClassNA\'','\'MethodNA\'','?',0.4,0,0,0,0,0,0,0,0,0,0,0,0,0,0,0,0,0,0,0,0,0,0,0,0,0,0,0,0,0,1,0,0,0,0,0,0,0,0,0,0,0,0,0,0,0,0,0,0,0,0,0,0,0,0,0,1,1,1,0,0,0,0,0,0,0,0,0,0,0,0,0,0,0,0,0,0,0,0,0,0,0,0,0,0,0,0,0,0,0,0,0,0,0,0,0,0,0
104,BUG_FIX,mediacenterjs,https://github.com/jansmolders86/mediacenterjs/commit/be842321b356e709e78db08ee9323e5646b6d807,c7e5d329285eee37c8991d25d15445d8860c4e61,be842321b356e709e78db08ee9323e5646b6d807,'\'ClassNA\'','\'MethodNA\'','?',1,0,1,0,0,0,0,0,0,0,0,0,0,0,0,0,0,0,0,0,0,0,0,0,0,0,0,0,0,0,0,0,0,0,0,0,0,0,0,0,0,0,0,0,0,0,0,0,0,0,0,0,0,0,0,0,0,0,0,0,0,0,0,0,0,0,0,0,0,0,0,0,0,0,2,0,1,1,0,0,0,0,0,0,0,0,0,0,0,2,0,0,0,0,0,0,0,0
187,BUG_FIX,mediacenterjs,https://github.com/jansmolders86/mediacenterjs/commit/d247937f9f24ba2537ffe4cb95790795c983f583,0541a8704b2596f1b9993324ca6759799e75b0c2,d247937f9f24ba2537ffe4cb95790795c983f583,'\'ClassNA\'','\'MethodNA\'','?',0.2,0,0,0,0,0,0,0,0,0,0,0,0,0,0,0,0,0,0,0,0,0,0,0,0,0,0,0,0,0,0,0,0,0,0,0,0,0,0,0,0,0,0,1,0,0,0,0,0,0,0,0,0,0,0,0,0,0,0,0,0,0,0,0,0,0,0,0,0,0,0,0,0,0,0,0,0,0,0,0,0,0,0,0,0,0,0,0,0,0,0,0,0,0,0,0,0,0
355,BUG_FIX,mediacenterjs,https://github.com/jansmolders86/mediacenterjs/commit/4da975753aacd70ca845a7b73e91315a189f63df,53afe1df0b9c49c0c8dc360a3634baebb44e29e7,4da975753aacd70ca845a7b73e91315a189f63df,'\'ClassNA\'','\'MethodNA\'','?',1.2,0,0,0,0,0,0,0,0,2,0,0,0,0,0,0,0,0,0,0,0,0,0,0,0,0,0,0,0,0,2,0,0,0,0,0,0,0,0,0,0,0,0,0,0,0,0,0,0,0,0,0,0,0,0,0,0,0,0,0,0,0,0,0,0,0,0,0,0,0,0,0,0,0,0,0,0,0,0,0,0,0,0,0,0,0,0,0,0,0,0,0,0,0,0,0,0,0
406,BUG_FIX,mediacenterjs,https://github.com/jansmolders86/mediacenterjs/commit/3013916b46d43bf8902d5199c7927b2fd48b8109,fc1562e81facbc40fe42f500237cb13e526bc62c,3013916b46d43bf8902d5199c7927b2fd48b8109,'\'ClassNA\'','\'MethodNA\'','?',0.8,0,0,0,0,0,0,0,0,0,0,0,0,0,0,0,0,0,0,0,0,0,0,0,0,0,0,0,0,0,0,0,0,0,0,0,0,0,0,0,0,0,0,0,0,0,0,0,0,0,0,0,0,0,0,0,0,0,0,0,0,0,0,0,0,0,0,0,0,0,0,0,0,0,0,0,0,0,0,0,0,0,0,0,0,0,0,0,0,0,1,0,0,0,0,0,0,0
432,BUG_FIX,mediacenterjs,https://github.com/jansmolders86/mediacenterjs/commit/14ce9b23000ed1d8598586be8512768869be18b3,902ab758fbf302436b2c2a687160508e77b87943,14ce9b23000ed1d8598586be8512768869be18b3,'\'ClassNA\'','\'MethodNA\'','?',0.6,0,0,0,0,0,0,0,0,0,0,0,0,0,0,0,0,0,0,0,0,0,0,0,0,0,0,0,0,0,0,0,0,0,0,0,0,0,0,0,0,0,0,0,0,0,0,0,0,0,0,0,0,0,0,0,0,0,0,0,0,0,0,0,0,0,0,0,0,0,0,0,0,0,0,0,0,0,0,0,0,0,0,0,0,0,0,0,0,1,1,0,0,0,0,0,0,0
488,BUG_FIX,mediacenterjs,https://github.com/jansmolders86/mediacenterjs/commit/ce5255298dd2efee1ad2de4dcbdc1702cd056156,d95e42eff2d87c3aa829cc37b0c23f7b24848274,ce5255298dd2efee1ad2de4dcbdc1702cd056156,'\'ClassNA\'','\'MethodNA\'','?',0.2,0,0,0,0,0,0,0,0,0,0,0,0,0,0,0,0,0,0,0,0,0,0,0,0,0,0,0,0,0,0,0,0,0,0,0,0,0,0,0,0,0,0,0,0,1,0,0,0,0,0,0,0,0,0,0,0,0,0,0,0,0,0,0,0,0,0,0,0,0,0,0,0,0,0,0,0,0,0,0,0,0,0,0,0,0,0,0,0,0,0,0,0,0,0,0,0,0
495,BUG_FIX,mediacenterjs,https://github.com/jansmolders86/mediacenterjs/commit/895647d149735cc00076005a86e3662800732e7d,6116e35f164f1209a9c4477a46e2f8f4b23d2f90,895647d149735cc00076005a86e3662800732e7d,'\'ClassNA\'','\'MethodNA\'','?',0.4,0,0,0,0,0,0,0,0,0,0,0,0,0,0,0,0,0,0,2,2,2,0,0,0,0,0,0,0,0,0,0,0,0,0,0,0,0,0,0,0,0,0,0,0,0,0,0,0,0,0,0,0,0,0,0,0,0,0,0,0,0,0,0,0,2,2,0,0,0,0,0,0,0,0,0,0,0,0,0,0,0,0,0,0,0,0,0,0,0,0,0,0,0,0,0,2,0
512,BUG_FIX,mediacenterjs,https://github.com/jansmolders86/mediacenterjs/commit/22116cfff5900bebc2795c2c038027ff836b59ab,118556007dd8ff2f280fd9aaa40e3a182bfc380a,22116cfff5900bebc2795c2c038027ff836b59ab,'\'ClassNA\'','\'MethodNA\'','?',0.6,0,2,0,0,0,0,0,0,0,0,0,0,0,0,0,0,0,0,1,4,0,0,0,0,0,0,0,0,0,0,0,0,0,0,0,0,0,2,0,0,0,0,0,2,0,0,0,0,0,0,0,0,0,0,0,0,0,0,0,0,0,0,0,0,0,0,2,0,0,0,0,0,0,0,0,0,0,0,0,0,0,0,0,0,0,0,0,0,0,0,0,0,0,0,0,1,2
516,BUG_FIX,mediacenterjs,https://github.com/jansmolders86/mediacenterjs/commit/607de61c137ea474712e771e2d985186d130b157,edc73a1014f36daf706c8cad1ace2c88dbcc490c,607de61c137ea474712e771e2d985186d130b157,'\'ClassNA\'','\'MethodNA\'','?',0.2,0,0,0,0,0,0,0,0,0,0,0,0,0,0,0,0,0,0,1,0,0,0,0,0,0,0,0,0,0,0,0,0,0,0,0,0,0,0,0,0,0,0,0,0,0,0,0,0,0,0,0,0,0,0,0,0,0,0,0,0,0,0,0,0,0,0,0,0,0,0,0,0,0,0,0,0,0,0,0,0,0,0,0,0,0,0,0,0,0,0,0,0,0,0,0,1,0
534,BUG_FIX,mediacenterjs,https://github.com/jansmolders86/mediacenterjs/commit/91ce1101c51412dc93b69d5ee5bbe4c1c4f946df,b838b1de346d4a7d6cc9a11e2bf4dad40f9fc3e5,91ce1101c51412dc93b69d5ee5bbe4c1c4f946df,'\'ClassNA\'','\'MethodNA\'','?',0.6,0,3,0,0,0,0,0,0,0,0,0,0,0,0,0,0,0,0,0,0,0,0,0,0,0,0,0,0,0,0,0,0,0,0,0,0,0,0,0,0,0,0,3,0,0,0,0,0,0,0,0,0,0,0,0,0,0,0,0,0,0,0,0,0,0,0,0,0,0,0,0,0,0,0,0,0,0,0,0,0,0,0,0,0,0,0,0,0,0,0,0,0,0,0,0,0,0
589,BUG_FIX,mediacenterjs,https://github.com/jansmolders86/mediacenterjs/commit/e8c1e1b1e238a319ad46c8f43b2d557510155202,3b881f734fcce88c2c954b93d432f6b6d2b57853,e8c1e1b1e238a319ad46c8f43b2d557510155202,'\'ClassNA\'','\'MethodNA\'','?',1.2,0,0,0,0,0,0,0,0,0,0,0,0,0,0,0,0,0,0,0,0,0,0,0,0,0,0,0,0,0,0,0,0,0,0,0,0,0,0,0,0,0,0,0,0,0,0,0,0,0,0,0,0,0,0,0,0,0,0,0,0,0,0,0,0,0,0,0,1,0,0,0,0,0,0,0,0,0,0,0,0,0,0,0,0,0,0,0,0,1,0,0,0,0,0,0,0,0
590,BUG_FIX,mediacenterjs,https://github.com/jansmolders86/mediacenterjs/commit/3b881f734fcce88c2c954b93d432f6b6d2b57853,f6bd5a170f9cd1a74bb652a5009f713e76605a4d,3b881f734fcce88c2c954b93d432f6b6d2b57853,'\'ClassNA\'','\'MethodNA\'','?',0.8,0,0,0,0,0,0,0,0,0,0,0,0,0,0,0,0,0,0,2,1,0,0,0,0,0,0,0,0,0,1,0,0,0,0,0,0,0,0,0,0,0,0,0,1,0,0,0,0,0,0,0,0,0,0,0,0,0,0,0,0,0,0,0,0,1,0,0,0,0,0,0,0,0,0,0,0,0,0,0,0,0,0,0,0,0,0,0,0,0,0,0,0,0,0,0,1,0
591,BUG_FIX,mediacenterjs,https://github.com/jansmolders86/mediacenterjs/commit/f6bd5a170f9cd1a74bb652a5009f713e76605a4d,b071bc4a975760cb4772f41a20dcd96df9b46983,f6bd5a170f9cd1a74bb652a5009f713e76605a4d,'\'ClassNA\'','\'MethodNA\'','?',0.4,0,0,0,0,1,0,0,0,0,0,0,0,0,0,0,0,0,0,0,0,0,0,0,0,0,0,0,0,0,0,1,0,0,0,0,0,0,0,0,0,0,1,0,0,0,0,0,0,0,0,0,0,0,0,0,0,0,0,0,0,0,0,0,0,0,0,0,0,0,0,0,0,0,0,0,0,0,0,0,0,0,0,0,0,0,0,0,0,0,0,0,0,0,0,0,0,0
661,BUG_FIX,mediacenterjs,https://github.com/jansmolders86/mediacenterjs/commit/c3d6478144eef29af7ae18769d42e0510c83bdeb,306d20dde6b7e8e943682ee69aa7e008b52fc68d,c3d6478144eef29af7ae18769d42e0510c83bdeb,'\'ClassNA\'','\'MethodNA\'','?',0.8,0,1,0,0,0,0,0,0,0,0,0,0,0,0,0,0,0,0,0,0,0,0,0,0,0,0,0,0,0,0,0,0,0,0,0,0,0,0,0,0,0,0,0,0,0,0,0,0,0,0,0,0,0,0,0,0,0,0,0,0,0,0,0,0,0,0,0,0,0,0,0,0,0,0,0,0,0,0,0,0,0,0,0,0,0,0,0,0,0,0,0,0,0,0,0,0,0
663,BUG_FIX,mediacenterjs,https://github.com/jansmolders86/mediacenterjs/commit/85ecfdb58580223ec05ff6ca586d2d12dfd1cd2d,4ea4e8dc069da4cb3c32e9fbf2a4ace1592fd40d,85ecfdb58580223ec05ff6ca586d2d12dfd1cd2d,'\'ClassNA\'','\'MethodNA\'','?',0.2,0,0,0,0,0,0,0,0,0,0,0,0,0,0,0,0,0,0,1,0,0,0,0,0,0,0,0,0,0,0,0,0,0,0,0,0,0,0,0,0,0,0,0,1,0,0,0,0,0,0,0,0,0,0,0,0,0,0,0,0,0,0,0,0,0,0,0,0,0,0,0,0,0,0,0,0,0,0,0,0,0,0,0,0,0,0,0,0,0,0,0,0,0,0,0,0,0
665,BUG_FIX,mediacenterjs,https://github.com/jansmolders86/mediacenterjs/commit/3b84b5cb6cd7f9a9abdd9a0eff05b7588866c3cc,f92ecbe2f52b48c56625485ace4e7834b5cb4442,3b84b5cb6cd7f9a9abdd9a0eff05b7588866c3cc,'\'ClassNA\'','\'MethodNA\'','?',0.8,0,0,0,0,0,0,0,0,0,0,0,0,0,0,0,0,0,0,0,0,0,0,0,0,0,0,0,0,0,0,0,0,0,0,0,0,0,0,3,0,0,0,0,0,0,1,0,0,0,0,0,0,0,0,0,0,0,0,0,0,0,0,0,0,0,0,0,0,0,0,0,0,0,0,0,0,0,0,0,0,0,0,0,0,0,0,0,0,0,0,0,0,0,0,0,0,0
673,BUG_FIX,mediacenterjs,https://github.com/jansmolders86/mediacenterjs/commit/308a1da4141d4f6013a9eb9e2eea9a1b2b08b284,48b4ef7b2400d7f46575d6b3949f5a37a93fa72d,308a1da4141d4f6013a9eb9e2eea9a1b2b08b284,'\'ClassNA\'','\'MethodNA\'','?',1,0,0,0,0,0,0,0,0,0,0,0,0,0,0,0,0,0,0,1,0,0,0,0,0,0,0,0,0,1,0,0,0,0,0,0,0,0,0,0,0,0,0,0,0,0,0,0,0,0,0,0,0,0,0,0,0,0,0,0,0,0,0,0,0,0,0,0,0,0,0,0,0,0,0,0,0,0,0,0,0,0,0,0,0,0,0,0,0,0,0,0,0,0,0,0,0,0
709,BUG_FIX,mediacenterjs,https://github.com/jansmolders86/mediacenterjs/commit/4c18cb238c69a81b2614087065f7ca297b602822,bb4ebb0855d9a85f560974e9a44bc7d77526405a,4c18cb238c69a81b2614087065f7ca297b602822,'\'ClassNA\'','\'MethodNA\'','?',1,0,0,0,0,0,0,0,0,0,0,0,0,0,0,0,0,0,0,1,0,0,0,0,0,0,0,0,0,1,0,0,0,0,0,0,0,0,0,0,0,0,0,0,0,0,0,0,0,0,0,0,0,0,0,0,0,0,0,0,0,0,0,0,0,0,0,0,0,1,0,0,0,0,0,0,0,0,0,0,0,0,0,0,0,0,0,0,0,0,0,0,0,0,0,0,0,0
726,BUG_FIX,mediacenterjs,https://github.com/jansmolders86/mediacenterjs/commit/89b9016cce0c1a19abe5cc9166e7bc6f034b16e8,15225d88569971621663f35953c7cfdf9ef648f6,89b9016cce0c1a19abe5cc9166e7bc6f034b16e8,'\'ClassNA\'','\'MethodNA\'','?',1,0,0,0,0,0,0,0,0,0,0,0,0,0,0,0,0,0,0,0,0,0,0,0,0,0,0,0,0,0,0,0,0,0,0,0,0,0,0,0,0,0,0,0,0,0,0,0,0,0,0,1,0,0,0,0,0,0,0,0,0,0,0,0,0,0,0,0,0,0,0,0,0,0,0,0,0,0,0,0,0,0,0,0,0,0,0,0,0,0,0,0,0,0,0,0,0,0
786,BUG_FIX,mediacenterjs,https://github.com/jansmolders86/mediacenterjs/commit/fc473b6fb344c7b3b7a9aae758d5e00076a985c9,90622239d7e3e3e681171c66d5c830359749d4bd,fc473b6fb344c7b3b7a9aae758d5e00076a985c9,'\'ClassNA\'','\'MethodNA\'','?',1.2,0,1,0,0,2,0,0,0,0,0,0,0,0,0,0,0,0,0,1,0,0,0,0,0,0,0,0,0,1,1,0,0,0,0,0,0,0,0,0,0,0,0,0,0,0,0,0,0,0,0,0,0,0,0,0,0,0,0,0,0,0,0,0,0,0,0,0,0,0,0,0,0,0,1,0,0,1,0,0,0,0,0,0,0,0,0,0,0,1,0,0,0,0,0,0,1,0
845,BUG_FIX,mediacenterjs,https://github.com/jansmolders86/mediacenterjs/commit/59df7b0299f6c0ad18458cce0b527d7eaac94c52,ce0ccafd188d1c5ed323f66f4de8db5e577a3775,59df7b0299f6c0ad18458cce0b527d7eaac94c52,'\'ClassNA\'','\'MethodNA\'','?',1,0,0,0,0,0,0,0,0,0,0,0,0,0,0,0,0,0,0,0,0,0,0,0,0,0,0,0,0,2,0,0,0,0,0,0,0,0,0,0,0,0,0,3,0,0,0,0,0,0,0,0,0,0,0,0,0,0,0,0,0,0,0,0,0,0,0,0,0,0,0,0,0,0,0,0,0,0,0,0,0,0,0,0,0,0,0,0,0,0,0,0,0,0,0,0,0,0
865,BUG_FIX,mediacenterjs,https://github.com/jansmolders86/mediacenterjs/commit/659df35c666e5a34834828e2d882c98724ab06e1,529fb0af99352da1ed35d1a2e0e974147e6b3c34,659df35c666e5a34834828e2d882c98724ab06e1,'\'ClassNA\'','\'MethodNA\'','?',0.2,0,0,0,0,0,0,0,0,0,0,0,0,0,0,0,0,0,0,0,0,0,0,0,0,0,0,0,0,0,0,0,0,0,0,0,0,0,0,0,1,0,0,0,0,0,0,0,0,0,0,0,0,0,0,0,0,0,0,0,0,0,0,0,0,0,0,0,0,0,0,0,0,0,0,0,0,0,0,0,0,0,0,0,0,0,0,0,0,0,0,0,0,0,0,0,0,0
943,BUG_FIX,mediacenterjs,https://github.com/jansmolders86/mediacenterjs/commit/9b2713785a40403945ad979dfe4e12ccb1be3807,dff014568d7f376b796bc79034c2eef64e013c98,9b2713785a40403945ad979dfe4e12ccb1be3807,'\'ClassNA\'','\'MethodNA\'','?',1,0,0,0,0,0,0,2,0,0,0,0,0,0,0,0,0,0,0,0,0,0,0,0,0,0,0,0,0,0,0,0,1,0,0,0,2,0,0,0,0,0,0,0,0,0,0,0,0,0,0,0,0,0,0,0,0,0,0,0,0,0,0,0,0,0,0,0,0,0,0,0,0,0,0,0,0,0,0,0,0,0,0,0,0,0,0,0,0,0,0,0,0,0,0,0,0,0
988,BUG_FIX,mediacenterjs,https://github.com/jansmolders86/mediacenterjs/commit/730f676f62ad97f69aa19f63bfe902f523a3308c,82e0a558ec81812e449a9f58b5a99b2b8e8aeeab,730f676f62ad97f69aa19f63bfe902f523a3308c,'\'ClassNA\'','\'MethodNA\'','?',0.4,0,0,0,0,0,0,0,0,0,0,0,0,0,0,0,0,1,0,0,0,0,0,0,0,0,0,0,0,1,1,0,0,0,0,0,0,0,0,0,0,0,0,0,0,0,0,0,0,0,0,0,0,0,0,0,0,0,0,0,0,0,0,0,0,0,0,0,0,0,0,0,0,0,0,0,0,0,0,0,0,0,0,0,0,0,0,0,0,0,0,0,0,0,0,0,0,0
1058,BUG_FIX,mediacenterjs,https://github.com/jansmolders86/mediacenterjs/commit/db3a038aa7364a575d2bf3e10ede9581a9ccbcc5,40254f093e83a2b61456c830916282b964bc8e72,db3a038aa7364a575d2bf3e10ede9581a9ccbcc5,'\'ClassNA\'','\'MethodNA\'','?',1,0,0,0,0,0,0,0,0,0,0,0,0,0,0,0,0,0,0,0,0,0,0,0,0,0,0,0,0,0,0,0,1,0,0,0,0,0,0,0,0,0,0,1,0,0,0,0,0,0,0,0,0,0,0,0,0,0,0,0,0,0,0,0,0,0,0,0,0,0,0,0,0,0,0,0,0,0,0,0,0,0,0,0,0,0,0,0,0,0,0,0,0,0,0,0,0,0
1060,BUG_FIX,mediacenterjs,https://github.com/jansmolders86/mediacenterjs/commit/90bf0492893ad7c6a2203aa00da222d0c60f9b3f,3d0686e0e07d6c4dc5afd0e8563de3cfa414a30a,90bf0492893ad7c6a2203aa00da222d0c60f9b3f,'\'ClassNA\'','\'MethodNA\'','?',0.6,0,2,0,2,0,0,0,0,0,0,0,0,0,0,0,0,0,0,0,1,0,0,0,0,0,0,0,0,0,0,0,0,0,0,0,0,0,0,0,0,0,0,0,0,0,0,0,0,0,0,0,0,0,0,0,0,0,0,0,0,0,0,0,0,0,0,0,0,0,1,0,0,0,0,1,0,1,0,0,1,0,0,0,0,0,0,0,0,0,0,1,0,0,0,0,0,1
1075,BUG_FIX,mediacenterjs,https://github.com/jansmolders86/mediacenterjs/commit/915c76dea7f29e7b4d94cc4cd19092c0f0a3fb81,501af6f18ac18f517af240d781ea56eb93921ecd,915c76dea7f29e7b4d94cc4cd19092c0f0a3fb81,'\'ClassNA\'','\'MethodNA\'','?',0.2,0,0,0,0,0,0,0,0,0,0,0,0,0,0,0,0,0,0,1,0,0,0,0,0,0,0,0,0,0,0,0,0,0,0,0,0,0,0,0,0,0,0,0,0,0,0,0,0,0,0,0,0,0,0,0,0,0,0,0,0,0,0,0,0,0,0,0,0,0,0,0,0,0,0,0,0,0,0,0,0,0,0,0,0,0,0,0,0,0,0,0,0,0,0,0,1,0
1128,BUG_FIX,mediacenterjs,https://github.com/jansmolders86/mediacenterjs/commit/b688a8b9b89703a79c9f20470cf91f95426e0420,007bc17c461d3f494e7ec9be584542c231bb302a,b688a8b9b89703a79c9f20470cf91f95426e0420,'\'ClassNA\'','\'MethodNA\'','?',0.8,0,1,0,0,0,0,0,0,0,0,0,0,0,0,0,0,0,0,0,0,0,0,0,0,0,0,0,0,0,2,0,0,0,0,0,0,0,0,0,0,0,0,0,0,2,0,0,0,0,0,0,0,0,0,0,0,0,0,0,0,0,0,0,0,0,0,0,0,0,0,0,0,0,0,0,0,1,0,0,0,0,0,0,0,0,0,0,0,0,0,0,0,0,0,0,0,0
1190,BUG_FIX,mediacenterjs,https://github.com/jansmolders86/mediacenterjs/commit/f095fee00a25a1ddb6ab8f1118b47be1d48207fd,d4fc0456bfa3aa3b825fdbb00001c7cce4c79543,f095fee00a25a1ddb6ab8f1118b47be1d48207fd,'\'ClassNA\'','\'MethodNA\'','?',0.6,0,0,0,0,0,0,0,0,0,0,0,0,0,0,0,0,0,0,0,0,0,0,0,0,0,0,0,0,0,1,0,0,0,0,0,0,0,0,0,0,0,0,0,0,0,0,0,0,0,0,0,0,0,0,0,0,0,0,0,0,0,0,1,0,0,0,0,0,0,0,0,0,0,0,0,0,0,0,0,0,0,0,0,0,0,0,0,0,0,0,0,0,0,0,0,0,0
1201,BUG_FIX,mediacenterjs,https://github.com/jansmolders86/mediacenterjs/commit/b21f53a8ae282d228b71416d2b55501a93cfe669,9697edd9e0d514d973c4555896f7fe660d3b4681,b21f53a8ae282d228b71416d2b55501a93cfe669,'\'ClassNA\'','\'MethodNA\'','?',0.6,0,1,0,0,0,0,0,0,0,0,0,0,0,0,0,0,0,0,0,0,0,0,0,0,0,0,0,0,1,0,0,0,0,0,0,0,0,0,0,0,0,0,0,0,0,0,0,0,0,0,0,0,0,0,0,0,0,0,0,0,0,0,0,0,0,0,0,0,0,0,0,0,0,0,0,0,0,0,0,0,0,0,0,0,0,0,0,0,0,0,0,0,0,0,0,0,0
1210,BUG_FIX,mediacenterjs,https://github.com/jansmolders86/mediacenterjs/commit/fd1ceda585317b03d3c81427091d9139dc1c07e5,4e5b5a8661b9c5c59f7fd6a150844f048dde2218,fd1ceda585317b03d3c81427091d9139dc1c07e5,'\'ClassNA\'','\'MethodNA\'','?',1.2,0,0,0,0,0,0,0,1,0,0,0,0,1,0,0,0,0,0,0,0,0,0,0,0,0,0,0,0,1,1,0,1,0,0,0,0,0,0,0,0,0,0,1,0,0,0,1,0,0,0,0,0,0,0,0,0,0,0,0,0,0,0,0,0,0,0,0,1,0,0,0,0,0,0,0,0,0,0,0,0,0,0,0,0,0,0,0,0,1,0,0,0,0,0,0,0,0
1343,BUG_FIX,mediacenterjs,https://github.com/jansmolders86/mediacenterjs/commit/910f7e25b1b2f44b5512225b7a35432a15e4f37c,d1f4bfe1caa0eac5dfa70c893848a6231b9d0045,910f7e25b1b2f44b5512225b7a35432a15e4f37c,'\'ClassNA\'','\'MethodNA\'','?',0.6,0,1,0,0,0,0,0,1,0,0,0,0,0,0,0,0,0,1,0,0,0,0,0,0,0,0,0,0,1,0,0,0,0,0,0,0,0,0,0,0,0,0,0,0,0,0,0,0,0,0,0,0,0,0,0,0,0,0,0,0,0,0,0,0,0,0,0,0,0,0,0,0,0,0,0,0,0,0,0,0,0,0,0,0,0,0,0,0,0,0,0,0,0,0,0,0,0
1345,BUG_FIX,mediacenterjs,https://github.com/jansmolders86/mediacenterjs/commit/d1f4bfe1caa0eac5dfa70c893848a6231b9d0045,fcdd47f599b5a15448f6c5475991e520eb877e0f,d1f4bfe1caa0eac5dfa70c893848a6231b9d0045,'\'ClassNA\'','\'MethodNA\'','?',1.2,0,1,0,0,0,0,0,0,0,0,0,0,0,0,0,0,0,0,0,0,0,0,0,0,0,0,0,0,0,0,0,0,0,0,0,0,0,0,0,0,0,0,0,0,0,0,0,0,0,0,0,0,0,0,0,0,0,0,0,0,0,0,0,0,0,0,0,0,0,0,0,0,0,1,0,1,1,0,0,0,0,0,0,0,0,0,0,0,0,0,0,0,0,0,0,0,0
1379,BUG_FIX,mediacenterjs,https://github.com/jansmolders86/mediacenterjs/commit/ed6a118d825346050d0b8d9971d6a6dece410f48,2f6da7eb4eed987b0feb8069a179f2d6a02395b7,ed6a118d825346050d0b8d9971d6a6dece410f48,'\'ClassNA\'','\'MethodNA\'','?',0.6,0,0,0,0,0,0,0,0,0,0,0,0,0,0,0,0,0,0,0,0,0,0,0,0,0,0,0,0,0,0,0,0,0,0,0,0,0,0,0,0,0,0,0,0,0,0,0,0,0,0,0,0,0,0,0,0,0,0,0,0,0,0,0,0,0,0,0,0,0,0,0,0,0,1,0,0,0,0,0,0,0,0,0,0,0,0,0,0,0,0,0,0,0,0,0,0,0
1380,BUG_FIX,mediacenterjs,https://github.com/jansmolders86/mediacenterjs/commit/2f6da7eb4eed987b0feb8069a179f2d6a02395b7,3dc5ebcc87e5ce34315329d3e6e7c66674159d9f,2f6da7eb4eed987b0feb8069a179f2d6a02395b7,'\'ClassNA\'','\'MethodNA\'','?',1.2,0,1,0,1,0,0,0,0,0,0,0,0,0,0,0,0,0,0,0,0,0,0,0,0,0,0,0,0,1,1,0,0,0,0,0,0,0,0,0,0,0,0,0,0,0,0,0,0,0,0,0,0,0,0,0,0,0,0,0,0,0,0,0,0,0,0,0,0,0,0,0,0,0,0,0,1,1,0,0,1,0,1,0,0,0,0,0,0,0,0,0,0,0,0,0,0,0
1450,BUG_FIX,mediacenterjs,https://github.com/jansmolders86/mediacenterjs/commit/b4be3bbd20db9eab02eea7127764d6df7aa63ece,1698cbac2af535c776757ae7cf28bf966cd8df85,b4be3bbd20db9eab02eea7127764d6df7aa63ece,'\'ClassNA\'','\'MethodNA\'','?',0.4,1,0,0,0,0,0,0,0,0,0,0,0,0,0,0,0,0,0,0,0,0,0,0,0,0,0,0,0,0,0,0,0,0,0,0,0,0,0,0,2,0,0,0,0,0,0,0,0,0,0,0,0,0,0,0,0,0,0,0,0,0,0,0,0,0,0,0,0,0,0,0,0,0,0,0,0,0,0,0,0,0,0,0,0,0,0,1,0,0,0,0,0,0,0,0,0,0
1460,BUG_FIX,mediacenterjs,https://github.com/jansmolders86/mediacenterjs/commit/06cedde0f5241342329dad50d2cd605e898cbd2e,16fa85b4606a4ae11aba7993dd2c5a335afee98a,06cedde0f5241342329dad50d2cd605e898cbd2e,'\'ClassNA\'','\'MethodNA\'','?',0.6,0,0,0,0,0,0,0,0,0,0,0,0,0,0,0,0,0,0,0,1,0,0,0,0,0,0,0,0,0,0,0,0,0,0,0,0,0,0,0,0,0,0,0,0,0,0,0,0,0,0,0,0,0,0,0,0,0,0,0,0,0,0,0,0,0,0,1,0,0,0,0,0,0,0,0,0,0,0,0,0,0,0,0,0,0,0,0,0,0,0,0,0,0,0,0,0,0
1478,BUG_FIX,mediacenterjs,https://github.com/jansmolders86/mediacenterjs/commit/9497d21fdd2b3c880f091f259d9139e5b72b0114,96c3eca8391bc6eef1121f48a03ff035c52b2de7,9497d21fdd2b3c880f091f259d9139e5b72b0114,'\'ClassNA\'','\'MethodNA\'','?',1,0,0,0,0,0,0,0,0,0,0,0,0,0,0,0,0,0,0,1,0,0,0,0,0,0,0,0,0,1,0,0,0,0,0,0,0,0,0,0,0,0,0,0,0,0,0,0,0,0,0,0,0,0,0,0,0,0,0,0,0,0,0,0,0,0,0,0,0,0,0,1,0,0,0,0,0,0,0,0,0,0,0,0,0,0,0,0,0,0,0,0,0,0,0,0,0,0
1496,BUG_FIX,mediacenterjs,https://github.com/jansmolders86/mediacenterjs/commit/076417c07ba0820bc7cd14e7a88d729ebabe47e7,b5ffa510a904a2702e2422ae768405a15504dabb,076417c07ba0820bc7cd14e7a88d729ebabe47e7,'\'ClassNA\'','\'MethodNA\'','?',0.2,0,0,0,0,0,0,0,0,0,0,0,0,0,0,0,0,0,0,0,0,0,0,0,0,0,0,0,0,0,0,0,0,0,0,0,0,0,0,0,0,0,0,0,0,0,0,0,0,0,0,0,0,0,0,0,0,0,0,0,0,0,0,0,0,0,0,0,0,0,0,0,0,0,1,0,0,0,0,0,0,0,0,0,0,0,0,0,0,0,0,0,0,0,0,0,0,0
1547,BUG_FIX,mediacenterjs,https://github.com/jansmolders86/mediacenterjs/commit/0fb8a7c8a97ca64ca8c229119892b2cd200a51a6,367ed81fa116eb919f6086e18dbe55037f8e8e92,0fb8a7c8a97ca64ca8c229119892b2cd200a51a6,'\'ClassNA\'','\'MethodNA\'','?',0.6,0,0,0,0,0,0,0,0,0,0,0,0,0,0,0,0,0,0,3,1,0,0,0,0,0,0,0,0,0,0,0,0,0,0,0,0,0,0,0,0,0,0,0,0,0,0,0,0,0,0,0,0,0,0,0,0,0,0,0,0,0,0,0,0,1,0,0,0,0,0,0,0,0,0,0,0,0,0,0,0,0,0,0,0,0,0,0,0,0,0,0,0,0,0,0,0,0
1554,BUG_FIX,mediacenterjs,https://github.com/jansmolders86/mediacenterjs/commit/6288978dbda81f6aa84e400bdc20dc32104ec9cc,a2ea7456a9e37842b237ac0cb52c43214a18b48d,6288978dbda81f6aa84e400bdc20dc32104ec9cc,'\'ClassNA\'','\'MethodNA\'','?',1,0,0,0,0,0,0,0,0,0,0,0,0,0,0,0,0,0,0,0,2,0,0,0,0,0,0,0,0,0,0,0,0,0,0,0,0,0,0,0,0,0,0,0,0,0,0,0,0,0,0,0,0,0,0,0,0,0,0,0,0,0,0,0,0,0,0,1,0,0,0,0,0,0,0,0,0,0,0,0,0,0,0,0,0,0,0,0,0,0,0,0,0,0,0,0,0,0
1593,BUG_FIX,mediacenterjs,https://github.com/jansmolders86/mediacenterjs/commit/a591a96e99ac5e5c8d260f4074c0fa27fa9b4ff6,601e0e8f4f0a78b5ac4a7e7a6bb37b9b86dd1cb2,a591a96e99ac5e5c8d260f4074c0fa27fa9b4ff6,'\'ClassNA\'','\'MethodNA\'','?',1.2,0,0,0,0,0,0,0,0,0,0,0,0,0,0,0,0,0,0,3,0,0,0,0,0,0,0,0,0,0,2,0,1,0,0,0,0,0,0,0,0,0,0,0,0,0,0,0,0,0,0,0,0,0,0,0,0,0,0,0,0,0,0,0,0,1,0,0,0,0,0,0,0,0,0,0,0,0,0,0,0,0,0,0,0,0,0,0,0,0,0,0,0,0,0,0,1,0
1601,BUG_FIX,mediacenterjs,https://github.com/jansmolders86/mediacenterjs/commit/1d845372c5724568f15ca2cba0257beb0b844035,ea54f1e956f6064a9ac87c04bf4fae2df4e41f33,1d845372c5724568f15ca2cba0257beb0b844035,'\'ClassNA\'','\'MethodNA\'','?',0.6,0,2,0,0,0,0,0,0,0,0,0,0,0,0,0,0,0,0,0,0,0,0,0,0,0,0,0,0,0,1,0,0,0,0,0,0,0,0,0,0,0,0,0,0,0,0,0,0,0,0,0,0,0,0,0,0,0,0,2,0,0,0,0,0,0,0,0,0,0,0,0,0,0,0,0,0,0,0,0,0,0,0,0,0,0,0,0,0,0,0,0,0,0,0,0,0,0
1610,BUG_FIX,mediacenterjs,https://github.com/jansmolders86/mediacenterjs/commit/accaac55dd8e9c4d28cad02cdb1ef75995f77ce5,4915bddcb5624d44615eb51d2870a0764051d577,accaac55dd8e9c4d28cad02cdb1ef75995f77ce5,'\'ClassNA\'','\'MethodNA\'','?',0.8,0,0,0,0,0,0,0,0,0,0,0,0,0,0,0,0,0,0,0,0,0,0,0,0,0,0,0,0,0,0,0,0,0,0,0,0,0,0,0,0,0,0,1,0,0,0,1,0,0,0,0,0,0,0,0,0,0,0,0,0,0,0,0,0,0,0,0,0,0,0,0,0,0,0,0,0,0,0,0,0,0,0,0,0,0,0,0,0,0,0,0,0,0,0,0,0,0
1730,BUG_FIX,mediacenterjs,https://github.com/jansmolders86/mediacenterjs/commit/9ef5386abd10201a1624ad234af0d3a3f8835340,9c7c8ddb4e100f5527799a0233dbc53c5e316746,9ef5386abd10201a1624ad234af0d3a3f8835340,'\'ClassNA\'','\'MethodNA\'','?',0.2,0,0,0,0,0,0,0,0,0,0,0,0,0,0,0,0,0,0,0,0,0,0,0,0,0,0,0,0,0,0,0,0,0,0,0,0,0,0,0,0,0,0,0,0,0,0,0,0,0,0,0,0,0,0,0,0,0,0,0,0,0,0,0,0,0,0,0,0,0,0,0,2,0,0,0,0,0,0,0,0,0,0,0,0,0,0,0,0,0,0,0,0,0,0,0,0,0
1827,BUG_FIX,pm2,https://github.com/Unitech/pm2/commit/181a8ac5dc501d2fed17557121e3e2d537a79c0d,3531ec2d80ed05ba4b6ff819ccd2bf957710a287,181a8ac5dc501d2fed17557121e3e2d537a79c0d,'\'ClassNA\'','\'MethodNA\'','?',1.2,0,1,0,0,0,0,0,0,0,0,0,0,0,0,0,0,0,0,0,0,0,0,0,0,0,0,0,0,2,0,0,0,1,0,0,0,0,0,0,1,0,0,0,0,0,0,0,0,0,0,0,0,0,0,0,0,0,0,0,0,0,0,0,0,0,0,0,0,0,0,0,0,0,0,0,0,0,0,0,0,0,0,0,0,0,0,0,0,0,0,0,0,0,0,0,0,0
1830,BUG_FIX,pm2,https://github.com/Unitech/pm2/commit/0d3e243f1b822bdc370eeb2322be82baab0ef0cb,df3ec5846e1479ca2ec49946f1cef62b5e702e76,0d3e243f1b822bdc370eeb2322be82baab0ef0cb,'\'ClassNA\'','\'MethodNA\'','?',1.2,0,1,0,0,0,0,0,0,0,0,0,0,0,0,0,0,0,0,0,0,0,0,0,0,0,0,0,0,1,0,0,0,1,1,0,0,0,0,0,0,0,0,0,0,0,0,0,0,0,0,0,0,0,0,0,0,0,0,0,0,0,0,0,0,0,0,0,0,0,0,0,0,0,0,0,0,0,0,0,0,0,0,0,0,0,0,0,0,0,0,0,0,0,0,0,0,0
1858,BUG_FIX,pm2,https://github.com/Unitech/pm2/commit/d59e700da07fb2c76980eea80482804018d3b2c6,6722f7ee03dff9489000d68616987e5d7638f15c,d59e700da07fb2c76980eea80482804018d3b2c6,'\'ClassNA\'','\'MethodNA\'','?',0.2,0,0,0,0,0,0,0,0,0,0,0,0,0,0,0,0,0,0,0,0,0,0,0,0,0,2,0,0,0,0,0,0,0,0,0,0,0,1,0,0,1,0,2,0,0,0,1,1,0,0,0,0,0,0,0,0,0,0,0,0,0,0,0,0,0,0,0,0,0,0,0,0,0,0,0,0,0,0,0,0,0,0,0,0,0,0,0,0,0,0,0,0,0,0,0,0,0
1885,BUG_FIX,pm2,https://github.com/Unitech/pm2/commit/ba41c48d2dbaaa52300cdcd5b2d5f92629f0cbfc,5f7075fcbbea7cabcc301d1a693849e090bb1302,ba41c48d2dbaaa52300cdcd5b2d5f92629f0cbfc,'\'ClassNA\'','\'MethodNA\'','?',0.2,0,0,0,0,0,0,0,0,0,0,0,0,0,0,0,0,0,0,0,0,0,0,0,0,0,0,0,0,0,0,0,0,0,0,0,0,0,0,0,0,0,0,0,0,0,0,0,0,0,0,0,0,0,0,0,0,0,0,0,0,0,0,0,0,0,0,0,0,0,0,0,0,0,0,0,0,0,0,0,0,0,0,1,0,0,0,0,0,0,0,0,0,0,0,0,0,0
1889,BUG_FIX,pm2,https://github.com/Unitech/pm2/commit/b1e138ded6e94db4a93256cacbe27f1d7c5e8252,2474e584cb2d224ebca21d2c79491bcb7f40898b,b1e138ded6e94db4a93256cacbe27f1d7c5e8252,'\'ClassNA\'','\'MethodNA\'','?',0.4,0,2,0,0,0,0,0,0,0,0,0,0,0,0,0,0,0,0,0,0,0,0,0,0,0,0,0,0,0,0,0,0,0,0,0,0,0,0,0,0,0,0,0,0,0,0,0,0,0,0,0,0,0,0,0,0,0,0,0,0,0,0,0,0,0,0,0,0,0,0,0,0,0,0,0,0,0,0,0,0,0,0,0,0,0,0,0,0,0,0,0,0,0,0,0,0,0
1895,BUG_FIX,pm2,https://github.com/Unitech/pm2/commit/c0ced46be82805c725c9626c093d3d2d854aba67,61a02dafe6a4477ac27f810be876a62afb8b0305,c0ced46be82805c725c9626c093d3d2d854aba67,'\'ClassNA\'','\'MethodNA\'','?',0.6,0,0,0,2,0,0,0,0,0,0,0,0,0,0,0,0,0,0,2,0,0,0,0,0,0,0,2,0,0,0,0,0,0,0,0,0,0,0,0,0,0,0,0,0,0,0,0,0,0,0,0,0,0,0,0,0,0,0,0,0,0,0,0,0,0,0,0,0,0,0,0,0,0,0,0,0,0,0,0,0,0,0,0,0,0,0,0,0,0,0,0,0,0,0,0,0,0
1911,BUG_FIX,pm2,https://github.com/Unitech/pm2/commit/236bee42518035250a081651fbec6b9c92cf12fb,15f52fa9cf54ff00cada436a601e19433887bc95,236bee42518035250a081651fbec6b9c92cf12fb,'\'ClassNA\'','\'MethodNA\'','?',1.2,0,1,0,0,0,0,0,0,0,0,0,0,0,0,0,0,0,0,0,0,0,0,0,0,0,0,0,0,0,0,0,0,0,0,0,0,0,0,0,0,0,0,0,0,0,0,0,0,0,0,0,0,0,0,0,0,0,0,0,0,0,0,0,0,0,0,0,0,0,0,0,0,0,0,0,0,0,0,0,0,0,0,0,0,0,0,0,0,0,0,0,0,0,0,0,0,0
1912,BUG_FIX,pm2,https://github.com/Unitech/pm2/commit/419b748e58dc7874d6c5f25723032aa584c7c9ad,15f52fa9cf54ff00cada436a601e19433887bc95,419b748e58dc7874d6c5f25723032aa584c7c9ad,'\'ClassNA\'','\'MethodNA\'','?',1.2,0,1,0,0,2,1,0,0,0,0,0,0,0,0,0,0,0,0,0,0,0,0,0,0,0,0,0,0,0,0,0,0,0,0,0,0,0,0,0,0,0,0,0,0,0,0,0,0,0,0,0,0,0,0,0,0,0,0,0,0,0,0,0,0,0,0,0,0,0,0,0,0,0,0,0,0,0,0,0,0,0,0,0,0,0,0,0,0,0,0,0,0,0,0,0,0,0
2024,BUG_FIX,pm2,https://github.com/Unitech/pm2/commit/df62d2ceca9421dc7be476301d849d35c860b5e9,5c0b57826bcfe57f44c069b43767081cf7bd1f40,df62d2ceca9421dc7be476301d849d35c860b5e9,'\'ClassNA\'','\'MethodNA\'','?',0.8,0,0,0,0,0,0,0,0,1,0,0,0,0,0,0,0,0,0,0,0,0,0,0,0,0,0,1,0,0,0,0,0,0,0,0,1,0,0,0,0,0,0,0,0,0,0,0,0,0,0,0,0,0,0,0,0,0,0,0,0,0,0,0,0,0,0,0,0,0,0,0,0,0,0,0,0,0,0,0,0,0,0,0,0,0,0,0,0,0,0,0,0,0,0,0,0,0
2053,BUG_FIX,pm2,https://github.com/Unitech/pm2/commit/419f6c819408425acaddeda3f89ce43e36ada04f,4dc13ad43795a6f5182eeb7342535e9529bb44ce,419f6c819408425acaddeda3f89ce43e36ada04f,'\'ClassNA\'','\'MethodNA\'','?',0.2,0,0,0,0,0,0,0,0,0,0,0,0,0,0,0,0,0,0,0,0,0,0,0,0,0,0,0,0,0,1,0,0,0,0,0,0,0,0,0,0,0,0,0,0,0,0,0,0,0,0,0,0,0,0,0,0,0,0,0,0,0,0,0,0,0,0,0,0,0,0,0,0,1,0,0,0,0,0,0,0,0,0,0,0,0,0,0,0,0,0,0,0,0,0,1,0,0
2088,BUG_FIX,pm2,https://github.com/Unitech/pm2/commit/e00cf6ee5389c675ea4212d72efa37e573781f7b,7227042eaf8278423ab473a9474f42bf4def3f75,e00cf6ee5389c675ea4212d72efa37e573781f7b,'\'ClassNA\'','\'MethodNA\'','?',0.2,0,1,1,0,0,0,0,0,0,0,0,0,0,0,0,0,0,0,0,0,0,0,0,0,0,0,0,0,0,0,1,0,0,0,0,0,0,0,0,0,0,0,0,0,0,0,0,0,0,0,0,0,0,0,0,0,0,0,0,0,0,0,0,0,0,0,0,0,0,0,0,0,0,0,0,0,1,0,0,0,0,0,0,0,0,0,0,0,0,0,0,0,0,0,0,0,0
2089,BUG_FIX,pm2,https://github.com/Unitech/pm2/commit/7227042eaf8278423ab473a9474f42bf4def3f75,0abcae87539b8519dd5c8442f562b3077a7ded64,7227042eaf8278423ab473a9474f42bf4def3f75,'\'ClassNA\'','\'MethodNA\'','?',0.4,0,0,0,0,0,0,0,0,0,0,0,0,0,0,0,0,0,0,0,0,0,0,0,0,0,0,0,0,0,0,0,0,0,0,0,0,0,0,0,0,0,0,2,2,0,0,0,0,0,0,0,0,0,0,0,0,0,0,0,0,0,0,0,0,0,0,0,0,0,0,0,0,0,0,0,0,0,0,0,0,0,0,0,0,0,0,0,0,0,0,0,0,0,0,0,0,0
2109,BUG_FIX,pm2,https://github.com/Unitech/pm2/commit/d50c90fc9d69faca465f0ebec229aeceacb8e00b,97744f1c9deab00848acb103e208bd6fb5da3de7,d50c90fc9d69faca465f0ebec229aeceacb8e00b,'\'ClassNA\'','\'MethodNA\'','?',0.4,0,0,0,0,0,0,0,0,0,0,0,0,0,0,0,0,0,0,0,0,0,0,0,0,0,0,0,0,0,0,0,0,0,1,0,0,0,0,0,0,0,0,0,0,0,0,0,0,0,0,0,0,0,0,0,0,0,0,0,0,0,0,0,0,0,0,0,0,0,1,0,0,0,0,0,0,0,0,0,0,0,0,0,0,0,0,0,0,0,0,1,1,0,0,0,0,0
2123,BUG_FIX,pm2,https://github.com/Unitech/pm2/commit/4c7189e42a6bf2a4412a1d9a92a3ef72a0dd1a62,97744f1c9deab00848acb103e208bd6fb5da3de7,4c7189e42a6bf2a4412a1d9a92a3ef72a0dd1a62,'\'ClassNA\'','\'MethodNA\'','?',0.6,0,2,0,0,0,0,0,0,0,0,0,0,0,0,0,0,0,0,1,0,0,0,0,0,0,0,1,0,0,0,0,0,0,0,0,0,0,0,0,0,0,0,0,0,0,0,0,0,0,0,0,0,0,0,0,0,0,0,0,0,0,0,0,0,0,0,0,0,0,0,0,1,0,0,0,0,0,0,0,0,0,0,0,0,0,0,1,0,0,0,0,0,0,0,0,0,0
2132,BUG_FIX,pm2,https://github.com/Unitech/pm2/commit/ec8b03e78eced0cd8c0b29a812da101d94b7335e,da5964c03bfaa499acf8cd871aaacd1fbce35316,ec8b03e78eced0cd8c0b29a812da101d94b7335e,'\'ClassNA\'','\'MethodNA\'','?',0.4,0,0,0,1,0,0,0,0,0,0,0,0,0,0,0,0,0,0,0,0,0,0,0,0,0,0,0,0,0,0,0,0,0,1,0,0,0,0,0,0,0,0,0,0,0,0,0,0,0,0,0,0,0,0,0,0,0,0,0,0,0,0,0,0,0,0,0,0,0,0,0,0,0,0,0,0,0,0,0,0,0,0,0,0,0,0,0,1,0,0,0,0,0,0,0,0,0
2139,BUG_FIX,pm2,https://github.com/Unitech/pm2/commit/11534ff5f322fbeb789acd163cac555bdfbc17af,ae3710319178d34a262e8b97ac9203472ab98ebe,11534ff5f322fbeb789acd163cac555bdfbc17af,'\'ClassNA\'','\'MethodNA\'','?',1,0,0,0,0,0,0,0,0,0,0,0,0,0,0,0,0,0,0,0,0,0,0,0,0,0,0,1,0,1,0,0,0,0,0,0,0,0,0,0,0,0,0,0,0,0,0,0,0,0,0,0,0,0,0,0,0,0,0,0,0,0,0,0,0,0,0,0,0,0,0,0,0,0,0,0,0,0,0,0,0,0,0,0,0,0,0,0,0,0,0,0,0,0,0,0,0,0
2145,BUG_FIX,pm2,https://github.com/Unitech/pm2/commit/08156e4235d58ca5afb0d136b3ac49630322a3d4,b759cf0f32a1ee85d6326c5d91e85381153b3285,08156e4235d58ca5afb0d136b3ac49630322a3d4,'\'ClassNA\'','\'MethodNA\'','?',0.4,0,0,0,2,0,0,0,0,0,0,0,0,0,0,0,0,0,0,0,0,0,0,0,0,0,0,0,0,0,0,0,0,1,1,0,0,0,0,0,0,0,0,0,0,0,0,0,0,0,0,0,0,0,0,0,0,0,0,0,0,0,0,0,0,0,0,0,1,0,0,0,0,0,0,0,0,0,0,0,0,0,0,0,0,0,0,0,0,0,0,0,0,1,0,0,0,0
2154,BUG_FIX,pm2,https://github.com/Unitech/pm2/commit/130de494391832e62bc05b8aa514cf11090e204d,79abf8e8f0356bfc1a22e1f91d61237cc1737c90,130de494391832e62bc05b8aa514cf11090e204d,'\'ClassNA\'','\'MethodNA\'','?',0.4,0,1,0,0,0,0,0,0,0,0,0,0,0,0,0,0,0,0,0,0,0,0,0,0,0,0,0,0,0,0,0,0,0,0,0,0,0,0,0,0,0,0,0,0,0,0,0,0,0,0,0,0,0,0,0,0,0,0,0,0,0,0,0,0,0,0,0,0,0,0,0,0,0,0,0,0,0,0,0,0,0,0,0,0,0,0,0,0,0,0,0,0,0,0,0,0,0
2183,BUG_FIX,pm2,https://github.com/Unitech/pm2/commit/6a01a9f96ae5f7ded68d06a18d3fc05539974275,cd068aab847c0460c8ce6e0ae0da761ae9079c67,6a01a9f96ae5f7ded68d06a18d3fc05539974275,'\'ClassNA\'','\'MethodNA\'','?',0.4,0,0,0,0,0,0,0,0,0,0,0,0,0,0,0,0,0,0,0,0,0,0,0,0,0,0,0,0,0,0,0,0,1,1,0,0,0,0,0,0,0,0,0,0,0,0,0,0,0,0,0,0,0,0,0,0,0,0,0,0,0,0,0,0,0,0,0,0,0,0,0,0,0,0,0,0,0,0,0,0,0,0,0,0,0,0,0,0,0,0,1,0,0,0,0,0,0
2215,BUG_FIX,pm2,https://github.com/Unitech/pm2/commit/40c0dd03d1a3fb5895c6a3f8ed4918d6e8968713,64976ba3200f807cb1ffd7d65e37aed5e6a78d0a,40c0dd03d1a3fb5895c6a3f8ed4918d6e8968713,'\'ClassNA\'','\'MethodNA\'','?',0.2,0,2,0,0,0,0,0,0,0,0,0,0,0,0,0,0,0,0,0,0,0,0,0,0,0,0,0,0,0,0,0,0,0,0,1,0,0,0,0,0,0,0,0,0,0,0,0,0,0,0,0,0,0,0,0,0,0,0,0,0,0,0,0,0,0,0,0,0,0,0,0,0,0,0,0,0,0,0,0,0,0,0,0,0,0,0,0,0,0,0,0,0,0,0,0,0,0
2229,BUG_FIX,pm2,https://github.com/Unitech/pm2/commit/ae93d89fca9f918539a814c82c4464248c4df6fc,289aacd6221c60507d61477594b61c06fc6e9de7,ae93d89fca9f918539a814c82c4464248c4df6fc,'\'ClassNA\'','\'MethodNA\'','?',0.2,0,1,0,0,0,0,0,0,0,0,0,0,0,0,0,0,0,0,0,0,0,0,0,0,0,0,0,0,0,0,0,0,0,0,0,0,0,0,0,0,0,0,0,0,0,0,0,0,0,0,0,0,0,0,0,0,0,0,0,0,0,0,0,0,0,0,0,0,0,0,0,0,0,0,0,0,0,0,0,0,0,0,0,0,0,0,0,0,0,0,0,0,0,0,0,0,0
2231,BUG_FIX,pm2,https://github.com/Unitech/pm2/commit/ad9786d05bf774a05dd3e597d10934cfe9a0bbfe,289aacd6221c60507d61477594b61c06fc6e9de7,ad9786d05bf774a05dd3e597d10934cfe9a0bbfe,'\'ClassNA\'','\'MethodNA\'','?',0.2,0,0,0,3,0,0,0,0,0,0,0,0,0,0,0,0,0,0,0,0,0,0,0,0,0,0,0,0,0,0,0,0,0,1,0,0,0,0,0,0,0,0,0,0,0,0,0,0,0,0,0,0,0,0,0,0,0,0,0,0,0,0,0,0,0,0,0,0,0,0,0,0,0,0,0,0,0,0,0,0,0,0,0,0,0,0,0,0,0,0,0,0,0,0,0,0,0
2243,BUG_FIX,pm2,https://github.com/Unitech/pm2/commit/9550afda60f30cec16eb6ffe06b191b765abed40,6b2fcb53889bd40c54d359de51752da5406ed771,9550afda60f30cec16eb6ffe06b191b765abed40,'\'ClassNA\'','\'MethodNA\'','?',0.4,0,0,0,0,0,0,0,0,0,0,0,0,0,0,0,0,0,0,0,0,0,0,0,0,0,0,0,0,0,0,0,0,0,0,0,0,0,0,0,0,0,0,0,0,0,0,0,0,1,0,0,0,0,0,0,0,0,0,0,0,0,0,0,0,0,0,0,0,0,0,0,0,0,0,0,0,0,0,0,0,0,0,0,0,0,0,0,0,0,0,0,0,0,0,0,0,0
2281,BUG_FIX,pm2,https://github.com/Unitech/pm2/commit/b39ed991b274067555ee1e3388914517d39bb539,7f928dbcb671d27a6484fd72433b5870d199361d,b39ed991b274067555ee1e3388914517d39bb539,'\'ClassNA\'','\'MethodNA\'','?',0.2,0,0,0,0,0,0,0,0,0,0,0,0,0,0,0,0,0,0,0,2,0,0,0,0,0,0,0,0,0,0,0,0,0,0,0,0,0,0,0,0,0,0,1,3,0,0,0,0,0,0,0,0,0,0,0,0,0,0,0,0,0,0,0,0,0,0,0,0,0,0,0,0,0,0,0,0,0,0,0,0,0,0,0,0,0,0,0,0,0,0,0,0,0,0,0,0,0
2357,BUG_FIX,pm2,https://github.com/Unitech/pm2/commit/87406952a4eb3606e59a1bef58a65561e7e8fc03,5f92693d609642ef2c2e84b0570ca74e69c1ef1f,87406952a4eb3606e59a1bef58a65561e7e8fc03,'\'ClassNA\'','\'MethodNA\'','?',0.4,0,0,0,0,0,0,0,0,0,0,0,0,0,0,0,0,2,0,0,0,0,0,0,0,0,0,0,0,0,0,0,0,0,0,0,0,0,0,0,0,0,0,0,0,0,0,0,0,0,0,0,0,0,0,0,0,0,0,0,0,0,0,0,0,0,0,0,0,0,0,0,0,0,0,0,0,0,0,0,0,0,0,0,0,0,0,0,0,0,0,0,0,0,0,0,0,0
2363,BUG_FIX,pm2,https://github.com/Unitech/pm2/commit/86e1c9ea06a3322b227a4312875211f92441a416,665ad292d48a7d35fa3a6aeb597f11b8b4122f70,86e1c9ea06a3322b227a4312875211f92441a416,'\'ClassNA\'','\'MethodNA\'','?',0.2,0,2,0,2,0,0,0,0,0,0,0,1,0,0,0,0,0,0,0,0,0,0,0,0,0,0,0,0,0,0,0,0,0,0,0,0,0,0,0,0,0,0,0,0,0,0,0,0,0,0,0,0,0,0,0,0,0,0,0,0,0,0,0,0,0,0,0,0,0,0,0,0,0,0,0,0,1,0,0,1,0,0,0,0,1,0,0,0,0,0,0,0,0,0,0,0,0
2379,BUG_FIX,pm2,https://github.com/Unitech/pm2/commit/dea0583031af636b2b189ba893295c5fd6b49f59,a15fa4457f0819db22e7c6188f725dfe38cea735,dea0583031af636b2b189ba893295c5fd6b49f59,'\'ClassNA\'','\'MethodNA\'','?',0.8,0,0,0,0,0,0,0,0,2,0,0,0,0,2,0,0,0,0,2,0,0,0,0,0,0,0,0,0,0,0,1,0,0,0,0,0,0,0,0,0,0,0,0,0,0,0,0,0,0,0,0,0,0,0,0,0,0,0,0,0,0,0,0,0,0,0,0,0,0,0,0,0,0,0,0,0,0,0,0,0,0,0,0,0,0,1,0,0,0,0,0,0,0,0,0,0,0
2390,BUG_FIX,pm2,https://github.com/Unitech/pm2/commit/a3a7a248aa2d855562a3440b78d284054fa2e099,dd4015e9eb1015aa2eb79b29e56cfcb7cfe7138b,a3a7a248aa2d855562a3440b78d284054fa2e099,'\'ClassNA\'','\'MethodNA\'','?',0.6,0,0,0,0,0,0,0,0,0,0,0,0,0,0,0,0,0,0,0,0,0,0,0,0,0,0,0,0,1,0,0,1,0,0,0,0,0,0,0,0,0,0,0,0,0,0,0,0,0,0,0,0,0,0,0,0,0,0,0,0,0,0,0,0,0,0,0,0,0,0,1,0,0,0,0,0,0,0,0,0,0,0,0,0,0,0,0,0,0,0,0,0,0,0,0,0,0
2425,BUG_FIX,pm2,https://github.com/Unitech/pm2/commit/e3ed1fdc3ec0171552b387518c53e0c0f6ab6176,dc3d0187eef7ae5242cbe869f38a4c20f5d35742,e3ed1fdc3ec0171552b387518c53e0c0f6ab6176,'\'ClassNA\'','\'MethodNA\'','?',0.4,0,0,0,0,0,0,0,0,0,0,0,0,0,0,0,0,0,0,0,0,0,0,0,0,0,0,0,0,0,0,0,0,1,0,0,0,0,0,0,0,0,0,1,0,0,0,1,0,0,0,0,0,0,0,0,0,0,0,0,0,1,0,0,0,0,0,0,0,0,0,0,0,0,0,0,0,0,0,0,0,0,0,0,0,0,0,1,0,1,0,0,0,0,0,0,0,0
2499,BUG_FIX,pm2,https://github.com/Unitech/pm2/commit/eb5b2fa2085f11d42d0cbfac7fee425e18b5bfa9,fefca9b955f0346aec29853b1c1c13dbdba1b884,eb5b2fa2085f11d42d0cbfac7fee425e18b5bfa9,'\'ClassNA\'','\'MethodNA\'','?',0.4,0,0,0,0,0,0,0,0,0,0,0,0,0,0,0,0,0,0,1,0,0,0,0,0,0,0,0,0,0,0,0,0,0,0,0,0,0,0,1,0,0,0,0,0,0,0,0,0,0,0,0,0,0,0,0,0,0,0,0,0,0,0,0,0,0,0,0,0,0,0,0,0,0,0,0,0,0,0,0,0,0,0,0,0,0,0,0,0,0,0,0,0,0,0,0,1,0
2507,BUG_FIX,pm2,https://github.com/Unitech/pm2/commit/b73f74a08494c17fef60f2f4ba1acc447b22160e,8c159877630a08152380de4a07f33f36ead7ec07,b73f74a08494c17fef60f2f4ba1acc447b22160e,'\'ClassNA\'','\'MethodNA\'','?',0.6,0,0,0,1,0,0,0,0,0,0,0,0,0,0,0,0,0,0,0,0,0,0,0,0,0,0,0,0,0,1,0,0,0,0,0,0,0,0,0,0,1,0,1,0,0,0,0,0,0,0,0,0,0,0,0,0,0,0,0,0,0,0,0,0,0,0,0,0,0,0,0,0,0,0,0,0,0,0,0,0,0,0,0,0,0,0,0,0,0,0,0,0,0,0,0,0,0
2508,BUG_FIX,pm2,https://github.com/Unitech/pm2/commit/8c159877630a08152380de4a07f33f36ead7ec07,d4eb669e6da6d857d2769fd2d90c438bf0648d4c,8c159877630a08152380de4a07f33f36ead7ec07,'\'ClassNA\'','\'MethodNA\'','?',0.6,0,0,0,0,0,0,0,0,0,0,0,0,0,0,0,0,0,0,0,0,0,0,0,0,0,0,0,0,0,0,3,0,0,0,0,0,0,0,0,0,0,0,0,0,0,0,0,0,0,0,0,0,0,0,0,0,0,0,0,0,0,0,0,0,0,0,0,0,0,0,0,0,0,0,0,0,0,0,0,0,0,0,0,0,0,0,0,0,1,0,1,0,0,0,0,0,0
2517,BUG_FIX,pm2,https://github.com/Unitech/pm2/commit/aa7ea55603df3202c0d4d9c7dc6bdf8edc4b02f3,e52acd6b4e2d20f6324f944372f314b39fbe768a,aa7ea55603df3202c0d4d9c7dc6bdf8edc4b02f3,'\'ClassNA\'','\'MethodNA\'','?',0.2,0,0,0,0,0,0,0,0,0,0,0,0,0,0,0,0,0,0,0,0,0,1,0,0,0,0,0,0,0,0,0,0,0,0,0,0,0,0,0,0,0,0,0,0,0,0,0,0,0,0,0,0,0,0,0,0,0,0,0,0,0,0,0,0,0,0,0,0,0,0,0,0,0,0,0,0,0,0,0,0,0,0,0,0,0,0,0,0,0,0,0,0,0,0,0,0,0
2550,BUG_FIX,pm2,https://github.com/Unitech/pm2/commit/152812358bcfcc976c6d2ffed5b8e03070ff8e72,2587c46835911d31391118c0d7c51ac3b982154d,152812358bcfcc976c6d2ffed5b8e03070ff8e72,'\'ClassNA\'','\'MethodNA\'','?',0.6,0,6,0,0,0,0,0,0,0,0,0,0,0,0,0,0,0,0,0,0,0,0,0,0,0,0,0,0,0,0,3,0,0,0,0,0,0,0,0,0,0,0,0,0,0,0,0,0,0,0,0,0,0,0,0,0,0,0,0,0,0,0,0,0,0,0,0,0,0,0,0,0,0,0,0,0,0,0,0,0,0,0,0,0,0,0,0,0,0,0,0,0,0,3,0,0,0
2579,BUG_FIX,pm2,https://github.com/Unitech/pm2/commit/d86dcfb8cd3f183139e37ee2d6bff757fcadefba,86aae9404619d1171c4a8facdf0f5db450cbd66a,d86dcfb8cd3f183139e37ee2d6bff757fcadefba,'\'ClassNA\'','\'MethodNA\'','?',0.2,0,0,0,0,0,0,0,0,0,1,0,0,0,0,1,0,0,0,0,0,0,0,0,0,0,1,0,0,0,0,0,0,0,0,0,0,0,0,0,0,0,0,0,0,0,0,0,0,0,0,0,0,0,0,0,0,0,0,0,0,0,0,0,0,0,0,0,0,0,0,0,0,0,0,0,0,0,0,0,0,0,0,0,0,0,0,0,0,0,0,0,0,0,0,0,0,0
2584,BUG_FIX,pm2,https://github.com/Unitech/pm2/commit/86aae9404619d1171c4a8facdf0f5db450cbd66a,b5a4c23360bdd8afd9b5562c5cb54a6bcd9e5e9a,86aae9404619d1171c4a8facdf0f5db450cbd66a,'\'ClassNA\'','\'MethodNA\'','?',0.2,0,0,0,0,0,0,0,0,1,0,0,0,0,1,0,0,0,0,0,0,0,0,0,0,0,0,1,0,0,0,0,0,0,0,0,0,0,0,0,0,0,0,0,0,0,0,0,0,0,0,0,0,0,0,0,0,0,0,0,0,0,0,0,0,0,0,0,0,0,0,0,0,0,0,0,0,0,0,0,0,0,0,0,0,0,0,0,0,0,0,0,0,0,0,0,0,0
2588,BUG_FIX,pm2,https://github.com/Unitech/pm2/commit/b3c387c1ff8c480c85f7f2432d8df2dd746f050c,3adc5d5ad80c3c4a5367fb5bde6ca3fea6b8fd12,b3c387c1ff8c480c85f7f2432d8df2dd746f050c,'\'ClassNA\'','\'MethodNA\'','?',0.8,0,0,0,0,0,0,0,0,0,0,0,0,0,0,0,0,0,0,0,0,0,0,0,0,0,0,0,0,0,0,0,0,0,0,0,0,0,0,1,0,0,0,3,0,0,0,0,0,0,0,0,0,0,0,0,0,0,0,0,0,0,0,0,0,0,0,0,0,0,0,0,0,0,0,0,0,0,0,0,0,0,0,0,0,0,0,0,0,0,0,0,0,0,0,0,0,0
2591,BUG_FIX,pm2,https://github.com/Unitech/pm2/commit/09d6b18c67d525c682eebcd26b3ea1021e55d162,c75113ffd2f7684c2fc9dc62eca6e483bd3286b9,09d6b18c67d525c682eebcd26b3ea1021e55d162,'\'ClassNA\'','\'MethodNA\'','?',0.2,0,0,0,0,0,0,0,0,0,0,0,0,0,0,0,0,0,0,0,0,0,0,0,0,0,0,1,0,0,0,0,0,0,0,0,0,0,0,0,0,1,0,0,1,0,0,0,1,0,0,0,0,0,0,0,0,0,0,0,0,0,0,0,0,0,0,0,0,0,0,0,0,0,0,0,0,0,0,0,0,0,0,0,0,0,0,0,0,0,0,0,0,0,0,0,0,0
2599,BUG_FIX,pm2,https://github.com/Unitech/pm2/commit/e0ada89750ebec18d467e55c23475fb714089efe,3980f1a589dbfd5984629633fe24e2e2a8f52319,e0ada89750ebec18d467e55c23475fb714089efe,'\'ClassNA\'','\'MethodNA\'','?',0.2,0,0,0,0,0,0,0,0,0,0,1,0,0,0,0,0,0,0,1,0,0,0,0,0,1,0,0,0,0,0,0,0,0,0,0,0,0,0,0,0,0,0,0,0,0,0,0,0,0,0,0,0,0,0,0,0,0,0,0,0,0,0,0,0,1,0,0,0,0,0,0,0,0,0,0,0,0,0,0,0,0,0,0,0,0,0,0,0,0,0,0,0,0,0,0,0,0
2617,BUG_FIX,pm2,https://github.com/Unitech/pm2/commit/9716e2768d1b636cdb3981503eb4393a30140f6c,e7a82a88c8609229137daa8639e4ec28536f46d5,9716e2768d1b636cdb3981503eb4393a30140f6c,'\'ClassNA\'','\'MethodNA\'','?',0.4,0,0,1,0,0,0,0,0,0,0,0,0,0,0,0,0,0,0,0,0,0,0,0,0,0,0,0,0,0,0,0,0,0,0,0,0,0,0,0,0,0,0,0,0,0,0,0,0,0,0,0,0,0,0,0,0,0,0,0,0,0,0,0,1,0,0,0,0,0,0,0,0,0,0,0,0,0,0,0,0,0,0,0,0,0,0,0,0,0,0,0,0,0,0,0,0,0
2618,BUG_FIX,pm2,https://github.com/Unitech/pm2/commit/e7a82a88c8609229137daa8639e4ec28536f46d5,2a185b2d84bd8cf049ebe86a7c88e786c87a739f,e7a82a88c8609229137daa8639e4ec28536f46d5,'\'ClassNA\'','\'MethodNA\'','?',0.4,0,0,0,4,0,0,0,0,0,0,0,0,0,0,0,0,0,0,0,0,0,0,0,0,0,0,0,0,0,0,0,0,0,0,0,0,0,0,0,0,0,0,0,0,0,0,0,0,0,0,0,0,0,0,0,0,0,0,0,0,0,0,0,0,0,0,0,0,0,0,0,0,0,0,0,0,0,0,0,0,0,0,0,0,0,0,0,0,0,0,0,0,0,0,0,0,0
2629,BUG_FIX,pm2,https://github.com/Unitech/pm2/commit/56713f7805b7d0d2c19e7eaa16c94884401ac527,31c0daa497e943b1a5a6d9c0fbf11f635a0331a8,56713f7805b7d0d2c19e7eaa16c94884401ac527,'\'ClassNA\'','\'MethodNA\'','?',0.4,0,0,0,4,0,0,0,0,0,0,0,0,0,0,0,0,0,0,0,0,0,0,0,0,0,0,0,0,0,0,0,0,0,0,0,0,0,0,0,0,0,0,0,0,0,0,0,0,0,0,0,0,0,0,0,0,0,0,0,0,0,0,0,0,0,0,0,0,0,0,0,0,0,0,0,0,0,0,0,0,0,0,0,0,0,0,0,0,0,0,0,0,0,0,0,0,0
2632,BUG_FIX,pm2,https://github.com/Unitech/pm2/commit/b7364a678753f9ae12af8d1b7dd029aed54a1a26,6bc71d640fe0b9829821c8d0ab5fce19bc87b663,b7364a678753f9ae12af8d1b7dd029aed54a1a26,'\'ClassNA\'','\'MethodNA\'','?',0.6,0,0,0,0,0,0,0,0,0,0,0,0,0,0,0,0,0,0,0,0,0,0,0,0,0,0,0,0,0,0,0,0,3,0,0,0,0,0,0,0,0,0,0,0,0,0,0,0,0,0,0,0,0,0,0,0,0,0,0,0,0,0,0,0,0,0,0,3,0,0,0,0,0,0,0,0,0,0,0,0,0,0,0,0,0,0,0,0,3,0,0,0,0,0,0,0,0
2638,BUG_FIX,pm2,https://github.com/Unitech/pm2/commit/40d2272bda65709600d265e1fddc396e456f7584,f8527d602ec430edb3b1a625260e455e83d10da3,40d2272bda65709600d265e1fddc396e456f7584,'\'ClassNA\'','\'MethodNA\'','?',0.6,0,0,0,1,0,0,0,0,0,0,0,0,0,0,0,0,0,0,0,0,0,0,0,0,0,0,0,0,0,0,0,0,0,0,0,0,0,0,0,0,0,0,0,0,0,0,0,0,0,0,0,0,0,1,0,0,0,0,0,0,0,0,0,0,0,0,0,0,0,0,0,0,0,0,0,0,0,0,0,0,0,0,0,0,0,0,0,0,0,0,0,0,0,0,0,0,0
2642,BUG_FIX,pm2,https://github.com/Unitech/pm2/commit/5e6ae039b131d50e0d2c1fa13637bb777e8c58b2,2bcad9ae9a6ad17eeacf22b3ddd01f2a4807a6f8,5e6ae039b131d50e0d2c1fa13637bb777e8c58b2,'\'ClassNA\'','\'MethodNA\'','?',0.2,0,0,0,0,0,0,0,0,0,0,0,0,0,0,0,0,0,0,0,0,0,0,0,0,0,0,0,0,0,0,0,0,1,0,0,0,0,0,0,0,0,0,0,0,0,0,0,0,0,0,0,0,0,0,0,0,0,0,0,0,0,0,0,0,0,0,0,1,0,0,0,0,0,0,0,0,0,0,0,0,0,0,0,0,0,0,0,0,1,0,0,0,0,0,0,0,0
2658,BUG_FIX,pm2,https://github.com/Unitech/pm2/commit/9a9aac67820312605f40aeef06c3919d8c1f3560,bba58b1fb39ad05cd8375113f0d17d9e77da6ffb,9a9aac67820312605f40aeef06c3919d8c1f3560,'\'ClassNA\'','\'MethodNA\'','?',0.2,0,0,0,0,0,0,0,0,0,0,0,0,0,0,0,0,0,0,0,0,0,0,0,0,0,0,0,0,0,0,0,0,0,0,0,0,0,0,0,0,0,0,1,0,0,0,0,0,0,0,0,0,0,0,0,0,0,0,0,0,0,0,0,0,0,0,0,0,0,0,0,0,0,0,0,0,0,0,0,0,0,0,0,0,0,0,0,0,0,0,0,0,0,0,0,0,0
2662,BUG_FIX,pm2,https://github.com/Unitech/pm2/commit/91f46f5c6c2a7e7161f26f689d52a7bd5233cb3c,f0f3a113c3a7e6d11523d8005c2ef833d7873851,91f46f5c6c2a7e7161f26f689d52a7bd5233cb3c,'\'ClassNA\'','\'MethodNA\'','?',0.6,0,0,0,0,0,0,0,0,0,0,0,0,0,0,0,0,0,0,0,0,0,0,0,0,0,0,0,0,1,0,0,0,0,0,0,0,0,0,0,0,0,0,0,0,0,0,0,0,0,0,0,0,0,0,0,0,0,0,0,0,0,0,0,0,0,0,0,0,0,0,1,0,0,0,0,0,0,0,0,0,0,0,0,0,0,0,0,0,0,0,0,0,0,0,0,0,0
2664,BUG_FIX,pm2,https://github.com/Unitech/pm2/commit/157c478ecd96e1cd100249d0b97d4ce19245c1c7,d8cad65849cde2a83bd4555155c335c63046ac63,157c478ecd96e1cd100249d0b97d4ce19245c1c7,'\'ClassNA\'','\'MethodNA\'','?',0.4,0,0,0,0,0,0,0,0,0,0,0,0,0,0,0,0,0,0,0,0,0,0,0,0,0,0,0,0,0,0,0,0,0,0,0,0,0,0,0,0,0,0,0,0,0,0,0,0,0,0,0,0,0,0,0,0,0,0,0,0,0,0,0,0,0,0,0,0,0,0,0,0,0,0,0,0,0,0,0,0,0,0,0,2,0,0,0,0,0,0,0,0,0,0,0,0,0
2665,BUG_FIX,pm2,https://github.com/Unitech/pm2/commit/d8cad65849cde2a83bd4555155c335c63046ac63,29aefc95aace6386ec5398fd0f18a8dbf84f492d,d8cad65849cde2a83bd4555155c335c63046ac63,'\'ClassNA\'','\'MethodNA\'','?',1,0,0,0,0,0,0,0,0,0,0,0,0,0,0,0,0,0,0,0,0,0,0,0,0,0,0,0,0,0,0,0,0,0,0,0,0,0,0,0,0,0,0,0,0,0,0,0,0,0,0,0,0,0,0,0,0,0,0,0,0,0,0,0,0,0,0,0,0,0,0,0,0,0,0,0,0,0,0,0,0,0,0,0,5,0,0,0,0,0,0,0,0,0,0,0,0,0
2669,BUG_FIX,pm2,https://github.com/Unitech/pm2/commit/3cd81103c89210c441f94227ae1517d5e3233079,ec603c5f113319ffb4c870f683a6f5688a8ae6d6,3cd81103c89210c441f94227ae1517d5e3233079,'\'ClassNA\'','\'MethodNA\'','?',0.4,0,1,0,1,0,0,0,0,0,0,0,0,0,0,0,0,0,0,0,0,0,0,0,0,0,0,0,0,0,0,0,0,0,0,0,0,0,0,0,0,0,0,0,0,0,0,0,0,0,0,0,0,0,0,0,0,0,0,0,0,0,0,0,0,0,0,0,0,0,0,0,0,0,0,0,0,0,0,0,0,0,0,0,0,0,0,0,0,0,0,0,0,0,0,0,0,0
2677,BUG_FIX,pm2,https://github.com/Unitech/pm2/commit/f7bb46320a780e864c160c030a67309667935849,487700f8e7dee4ed3c38513ff1e84bb04d4135ec,f7bb46320a780e864c160c030a67309667935849,'\'ClassNA\'','\'MethodNA\'','?',0.6,0,0,3,0,0,0,0,0,0,0,0,0,0,0,0,0,0,0,0,0,0,0,0,0,0,0,0,0,0,0,3,0,0,0,0,0,0,0,0,1,0,0,0,0,0,0,0,0,0,0,0,0,0,0,0,0,0,0,0,0,0,0,0,0,0,0,0,0,0,3,0,0,0,0,0,0,0,0,0,0,0,0,0,0,0,0,0,0,0,0,0,0,0,0,0,0,0
2683,BUG_FIX,pm2,https://github.com/Unitech/pm2/commit/62f0e1a98cf28ae53395814a78bf90ada0814958,11cc5b295c23c6b30f5998d728d0207f5268a314,62f0e1a98cf28ae53395814a78bf90ada0814958,'\'ClassNA\'','\'MethodNA\'','?',0.2,0,0,0,0,0,0,0,0,0,0,0,0,0,0,0,0,0,0,0,0,0,0,0,0,0,0,0,0,0,0,0,0,0,0,0,0,0,0,0,0,0,0,0,0,0,0,0,0,0,0,0,0,0,0,0,0,0,0,0,0,0,0,0,0,0,0,0,0,0,0,0,0,0,0,0,0,0,0,0,0,0,0,1,0,0,0,0,0,0,0,0,0,0,0,0,0,0
2690,BUG_FIX,pm2,https://github.com/Unitech/pm2/commit/96c4403f2b77d31818ef650d9b494b57bbb8b2dc,85e6142b9e260a0f97947a13cc0b6800129a3803,96c4403f2b77d31818ef650d9b494b57bbb8b2dc,'\'ClassNA\'','\'MethodNA\'','?',0.4,0,0,0,0,0,0,0,0,0,0,0,0,0,0,0,0,0,0,0,0,0,0,0,0,0,0,0,0,0,0,0,0,0,0,0,0,0,0,0,0,0,0,0,0,0,0,0,0,0,0,0,0,0,0,0,0,0,0,0,0,0,0,0,0,0,0,0,0,0,0,0,0,0,0,0,0,0,0,0,0,0,0,0,2,0,0,0,0,0,0,0,0,0,0,0,0,0
2692,BUG_FIX,pm2,https://github.com/Unitech/pm2/commit/528cb7c2fb8a5183b57a9f4392d26eeab23b5b9e,2d2dc358abe8aa61281073f760e296d699e4b6a2,528cb7c2fb8a5183b57a9f4392d26eeab23b5b9e,'\'ClassNA\'','\'MethodNA\'','?',0.2,0,1,0,0,0,0,0,0,0,0,0,0,0,0,0,0,0,0,0,0,0,0,0,0,0,0,0,0,0,0,0,0,0,0,0,0,0,0,0,0,0,0,0,0,0,0,0,0,0,0,0,0,0,0,0,0,0,0,0,0,0,0,0,0,0,0,0,0,0,0,0,0,0,0,0,0,0,0,0,0,0,0,0,0,0,0,0,0,0,0,0,0,0,0,0,0,0
2719,BUG_FIX,pm2,https://github.com/Unitech/pm2/commit/22a949008f2a6eb34c288816fd2508cc8069cba2,cd3ef21e378134b6bfa43733ccbc282835834430,22a949008f2a6eb34c288816fd2508cc8069cba2,'\'ClassNA\'','\'MethodNA\'','?',1,0,2,0,0,0,0,0,0,0,0,0,0,0,0,0,0,0,0,0,0,0,0,0,0,0,0,0,0,0,0,0,0,0,0,0,0,0,0,0,0,0,0,0,0,0,0,0,0,0,0,0,0,0,0,0,0,0,0,0,0,0,0,0,0,0,0,0,0,0,0,0,0,0,0,0,0,0,0,0,0,0,0,0,0,0,0,0,0,0,0,0,0,0,0,0,0,0
2728,BUG_FIX,pm2,https://github.com/Unitech/pm2/commit/0e9bc7ac8d0178743d8c7bff34542ac0cbcbdd20,b4c469cfd1f62e04560a2358bc5c62f13c17849d,0e9bc7ac8d0178743d8c7bff34542ac0cbcbdd20,'\'ClassNA\'','\'MethodNA\'','?',0.6,0,0,0,0,0,0,0,0,0,0,0,0,0,0,0,0,0,0,0,0,0,0,0,0,0,1,0,0,1,0,0,0,0,0,0,0,0,0,0,0,0,0,1,0,0,0,0,0,0,0,0,0,0,0,0,0,0,0,0,0,0,0,0,0,0,0,0,0,0,0,0,0,0,0,0,0,0,0,0,0,0,0,0,0,0,0,0,0,0,0,0,0,0,0,0,0,0
2742,BUG_FIX,pm2,https://github.com/Unitech/pm2/commit/737a28e36d0da3bbfa2afb833bb30edf3897ffee,c38ff769841d3b03003bf997860536ce8761434c,737a28e36d0da3bbfa2afb833bb30edf3897ffee,'\'ClassNA\'','\'MethodNA\'','?',1.2,0,0,0,0,0,0,0,0,0,0,0,0,0,0,0,0,0,0,0,0,0,0,0,0,0,0,0,0,1,0,0,0,1,1,0,0,0,0,0,0,0,0,0,0,0,0,0,0,0,0,0,0,0,0,0,0,0,0,0,1,0,0,0,0,0,0,0,0,0,0,0,0,0,0,0,0,0,0,0,0,1,0,0,0,0,0,0,0,0,0,0,0,0,0,0,0,0
2754,BUG_FIX,pm2,https://github.com/Unitech/pm2/commit/4e579a76b80334147f581b3929d7b7629079d9d9,a1ea26f058c3af8651303828e9b296e83b74befc,4e579a76b80334147f581b3929d7b7629079d9d9,'\'ClassNA\'','\'MethodNA\'','?',0.2,0,1,0,0,0,0,0,0,0,0,0,0,0,0,0,0,0,0,0,0,0,0,0,0,0,0,0,0,0,0,0,0,0,0,0,0,0,0,0,0,0,0,0,0,0,0,0,0,0,0,0,0,0,0,0,0,0,0,0,0,0,0,0,0,0,0,0,0,0,0,0,0,0,0,0,0,0,0,0,0,0,0,0,0,0,0,0,0,0,0,0,0,0,0,0,0,0
2806,BUG_FIX,pm2,https://github.com/Unitech/pm2/commit/4a45e652e6139642ae56ea2f40ac193d8ba27e23,c1567966e4354b69b4f3060be93e15f1c8b015b9,4a45e652e6139642ae56ea2f40ac193d8ba27e23,'\'ClassNA\'','\'MethodNA\'','?',0.4,0,1,0,0,0,0,0,0,0,0,0,0,0,0,0,0,0,0,0,0,0,0,0,0,0,0,0,0,0,1,0,0,0,0,0,0,0,0,0,0,0,0,0,0,0,0,0,0,0,0,0,0,0,0,0,0,0,0,0,0,0,0,0,0,0,0,0,0,0,0,0,0,0,0,0,0,0,0,0,0,0,0,0,0,0,0,0,0,0,0,0,0,0,0,0,0,0
2809,BUG_FIX,pm2,https://github.com/Unitech/pm2/commit/da78b15d5d88f374e267de3a71e805f8ffecf1a0,f2388cb617b436f01361f29a5d25dbd95dfce559,da78b15d5d88f374e267de3a71e805f8ffecf1a0,'\'ClassNA\'','\'MethodNA\'','?',0.4,0,1,0,0,0,0,0,0,0,0,0,0,0,0,0,0,0,0,0,0,0,0,0,0,0,0,0,0,0,0,0,0,0,0,0,0,0,0,0,0,0,0,0,0,0,0,0,0,0,0,0,0,0,0,1,0,0,0,0,0,0,0,0,0,0,0,0,0,0,0,0,0,0,0,0,0,0,0,0,0,0,0,0,0,0,0,0,0,0,0,0,0,0,0,0,0,0
2813,BUG_FIX,pm2,https://github.com/Unitech/pm2/commit/d625d5ec81b4d1c1392f61037e22b7f7b52ef1cb,19939d49bcfe4bf08a39410739b64634b4ff097b,d625d5ec81b4d1c1392f61037e22b7f7b52ef1cb,'\'ClassNA\'','\'MethodNA\'','?',0.4,0,1,0,0,0,0,0,0,0,0,0,0,0,0,0,0,0,0,0,0,0,0,0,0,0,0,0,0,0,0,0,0,0,0,0,0,0,0,0,0,0,0,0,0,0,0,0,0,0,0,0,0,0,0,0,0,0,0,0,0,0,0,0,0,0,0,0,0,0,0,0,0,0,0,0,0,0,0,0,0,0,0,0,0,0,0,0,0,0,0,0,0,0,0,0,0,0
2823,BUG_FIX,pm2,https://github.com/Unitech/pm2/commit/24b48a1aca941e3b60906898145cc1622bae182c,31c4d157a97d9f077b0b650c7a18ec4e859f5b2d,24b48a1aca941e3b60906898145cc1622bae182c,'\'ClassNA\'','\'MethodNA\'','?',0.2,0,1,0,0,0,0,0,0,0,0,0,0,0,0,0,0,0,0,0,0,0,0,0,0,0,0,0,0,0,0,0,0,0,0,0,0,0,0,0,0,0,0,0,0,0,0,0,0,0,0,0,0,0,0,0,0,0,0,0,0,0,0,0,0,0,0,0,0,0,0,0,0,0,0,0,0,0,0,0,0,0,0,0,0,0,0,0,0,0,0,0,0,0,0,0,0,0
2833,BUG_FIX,pm2,https://github.com/Unitech/pm2/commit/f436c59e30dda9f2f4fa7e660f77f1b991a89548,b0845cd0e8b3bdedb1bc558cd63969b0588dc71e,f436c59e30dda9f2f4fa7e660f77f1b991a89548,'\'ClassNA\'','\'MethodNA\'','?',1,0,3,0,0,0,0,0,0,0,0,0,0,0,0,0,0,0,0,0,0,0,0,0,0,0,0,0,0,0,0,0,0,0,0,0,0,0,0,0,0,0,0,0,0,0,0,0,0,0,0,0,0,0,0,0,0,0,0,0,0,0,0,0,0,0,0,0,0,0,0,0,0,0,0,0,0,0,0,0,0,0,0,0,0,0,0,0,0,0,0,0,0,0,0,0,0,0
2839,BUG_FIX,pm2,https://github.com/Unitech/pm2/commit/219126366a951a7cbcb3cf68160b1d56ab19cb28,5b6a264c11a6610a69bac144f64469f2ab663278,219126366a951a7cbcb3cf68160b1d56ab19cb28,'\'ClassNA\'','\'MethodNA\'','?',0.2,0,1,0,0,0,0,0,0,0,0,0,0,0,0,0,0,0,0,0,0,0,0,0,0,0,0,0,0,0,1,0,0,0,0,0,0,0,0,0,0,0,0,0,0,0,0,0,0,0,0,0,0,0,0,0,0,0,0,0,0,0,0,0,0,0,0,0,0,0,0,0,0,0,0,0,0,0,0,0,0,0,0,0,0,0,0,0,0,0,0,0,0,0,0,0,0,0
2855,BUG_FIX,pm2,https://github.com/Unitech/pm2/commit/8a373e131f81229a05b2d52adeb4eab78d3feaf0,7082991fe707bbc2adc0bd3146099acfb97e3010,8a373e131f81229a05b2d52adeb4eab78d3feaf0,'\'ClassNA\'','\'MethodNA\'','?',1,0,1,0,0,0,0,0,0,0,0,0,0,0,0,0,0,0,0,0,0,0,0,0,0,0,0,0,0,1,1,0,0,0,0,0,0,0,0,0,0,0,0,0,0,0,0,0,0,0,0,0,0,0,0,0,0,0,0,0,0,0,0,0,0,0,0,0,0,0,0,0,0,0,0,0,0,0,0,0,0,0,0,0,0,0,0,0,0,0,0,0,0,0,0,0,0,0
2893,BUG_FIX,pm2,https://github.com/Unitech/pm2/commit/4466c2f4ef532111b9dc508411d367470740f986,618e2da660e64d171b5d021dc40c434b96e88aa4,4466c2f4ef532111b9dc508411d367470740f986,'\'ClassNA\'','\'MethodNA\'','?',0.2,0,0,0,0,0,0,0,0,0,0,0,0,0,0,0,0,0,0,0,0,0,0,0,0,0,1,1,0,0,0,0,0,0,0,0,0,0,0,0,0,0,0,0,0,0,0,0,0,0,0,0,0,0,0,0,0,0,0,0,0,0,0,0,0,0,0,0,0,0,0,0,0,0,0,0,0,0,0,0,0,0,0,0,0,0,0,0,0,0,0,0,0,0,0,0,0,0
2922,BUG_FIX,pm2,https://github.com/Unitech/pm2/commit/102f5a44802c8fa1b582483ab40323dd64b152c0,2c83aab060725b5f7d0e159b28d315fba1303a7c,102f5a44802c8fa1b582483ab40323dd64b152c0,'\'ClassNA\'','\'MethodNA\'','?',0.2,0,1,0,1,0,0,0,0,0,0,0,0,0,0,0,0,0,0,1,0,0,0,0,0,0,0,1,0,0,0,0,0,0,0,0,0,0,0,0,0,0,0,0,0,0,0,0,0,0,0,0,0,0,0,0,0,0,0,0,0,0,0,0,0,0,0,0,0,0,0,0,0,0,0,0,0,0,0,0,0,0,0,0,0,0,0,0,0,0,0,0,0,0,0,0,0,0
2935,BUG_FIX,pm2,https://github.com/Unitech/pm2/commit/17e3979c7922f93f0a2d054c3e9d2af2aa569180,c788adad087923fe32d4168ca7ee7c1baff64821,17e3979c7922f93f0a2d054c3e9d2af2aa569180,'\'ClassNA\'','\'MethodNA\'','?',0.8,0,1,0,0,0,0,0,0,0,0,0,0,0,0,0,0,0,0,1,0,0,0,0,0,0,0,1,0,0,0,0,0,0,0,0,0,0,0,0,0,0,0,0,0,0,0,0,0,0,0,0,0,0,0,1,0,0,0,0,0,0,0,0,0,0,0,0,0,0,0,0,0,0,0,0,0,0,0,0,0,0,0,0,0,0,0,0,0,0,0,0,0,0,0,0,0,0
2946,BUG_FIX,pm2,https://github.com/Unitech/pm2/commit/51938954c91998e02c06ba8665b811d5aa588b5f,a77edc6ecf90f68725884fe00f39e8e28b7bbc25,51938954c91998e02c06ba8665b811d5aa588b5f,'\'ClassNA\'','\'MethodNA\'','?',0.2,0,1,0,0,0,0,0,0,0,0,0,0,0,0,0,0,0,0,0,0,0,0,0,0,0,0,0,0,0,1,0,0,0,0,0,0,0,0,0,0,0,0,0,0,0,0,0,0,0,0,0,0,0,0,0,0,0,0,0,0,0,0,0,0,0,0,0,0,0,0,0,0,0,0,0,0,0,0,0,0,0,0,0,0,0,0,0,0,0,0,0,0,0,0,0,0,0
2947,BUG_FIX,pm2,https://github.com/Unitech/pm2/commit/a77edc6ecf90f68725884fe00f39e8e28b7bbc25,3b09457f4830e0cced5803078bb0b15867bd4250,a77edc6ecf90f68725884fe00f39e8e28b7bbc25,'\'ClassNA\'','\'MethodNA\'','?',0.2,0,0,0,7,0,0,0,0,0,0,0,0,0,0,0,0,0,0,0,1,0,0,0,0,0,0,0,0,0,1,0,0,0,0,0,0,0,2,0,0,0,0,0,0,0,0,0,0,0,0,0,0,0,0,0,0,0,0,0,0,0,0,0,3,0,0,0,0,0,0,0,0,0,0,0,0,0,0,0,0,0,0,0,0,0,0,0,0,0,0,0,0,0,0,0,0,1
2949,BUG_FIX,pm2,https://github.com/Unitech/pm2/commit/37eed651bfe872c777d5fc07dc3ddce449551d83,cf945175eee72c883833928fe612c62ba24611d7,37eed651bfe872c777d5fc07dc3ddce449551d83,'\'ClassNA\'','\'MethodNA\'','?',0.2,0,1,0,0,0,0,0,0,0,0,0,0,0,0,0,0,0,0,0,0,0,0,0,0,0,0,0,0,0,0,0,0,0,0,0,0,0,0,0,0,0,0,0,0,0,0,0,0,0,0,0,0,0,0,0,0,0,0,0,0,0,0,0,0,0,0,0,0,0,0,0,0,0,0,0,0,0,0,0,0,0,0,0,0,0,0,0,0,0,0,0,0,0,0,0,0,0
2965,BUG_FIX,pm2,https://github.com/Unitech/pm2/commit/bf2bf8a64673e3ccd0f5d1a103e11a067c1f9ac5,2eac02ccadb4d09277c1e6b8b018b2d0394ed2cb,bf2bf8a64673e3ccd0f5d1a103e11a067c1f9ac5,'\'ClassNA\'','\'MethodNA\'','?',0.2,0,1,0,0,0,0,0,0,0,0,0,0,0,0,0,0,0,0,1,0,0,0,0,0,0,0,0,0,0,1,0,0,0,0,0,0,0,0,0,0,0,0,0,0,0,0,0,0,0,0,0,0,0,0,0,0,0,0,0,0,0,0,0,0,0,0,0,0,0,0,0,0,0,0,0,0,0,0,0,0,0,0,0,0,0,0,0,0,0,0,0,0,0,0,0,1,0
2990,BUG_FIX,pm2,https://github.com/Unitech/pm2/commit/e3b205ee47dc56f9a75369208299420aad335327,adb6c6b2f1ae575708e1f0b511f55818b1f2878b,e3b205ee47dc56f9a75369208299420aad335327,'\'ClassNA\'','\'MethodNA\'','?',0.2,0,0,0,0,0,0,0,0,0,0,0,0,0,0,0,0,0,0,0,0,0,0,0,0,0,0,0,0,0,0,0,0,0,0,0,0,0,0,0,0,0,0,0,0,0,0,0,0,0,0,0,0,0,0,0,0,0,0,0,0,0,0,1,0,0,0,0,0,0,0,0,0,0,0,0,0,0,0,0,0,0,0,0,0,0,0,0,0,0,0,0,0,0,0,0,0,0
2997,BUG_FIX,pm2,https://github.com/Unitech/pm2/commit/1148b4efb75deaa43635994167e892ffa160e6de,1941a69a7bcbefc74288712a611592df6003ac18,1148b4efb75deaa43635994167e892ffa160e6de,'\'ClassNA\'','\'MethodNA\'','?',0.8,0,0,0,0,0,0,0,0,0,0,0,0,0,0,0,0,0,0,0,0,0,0,0,0,0,0,0,0,2,0,0,0,0,0,0,0,0,0,0,0,0,0,0,0,0,0,0,0,0,0,0,0,0,0,0,0,0,0,0,0,0,0,0,0,0,0,0,0,0,0,2,0,0,0,0,0,0,0,0,0,0,0,0,0,0,0,0,0,0,0,0,0,0,0,0,0,0
3018,BUG_FIX,pm2,https://github.com/Unitech/pm2/commit/8d6e7aebe3f2b14508ad3e7eeacd87f9ab3425cb,d7aadc9bf47c97355fb3973739fc8aa82e3cdaa2,8d6e7aebe3f2b14508ad3e7eeacd87f9ab3425cb,'\'ClassNA\'','\'MethodNA\'','?',0.6,0,2,0,0,0,0,0,0,0,0,0,0,0,0,0,0,0,0,0,0,0,0,0,0,0,0,3,0,0,0,0,0,0,0,0,0,0,0,0,0,0,0,0,0,0,0,0,0,0,0,0,0,0,0,0,0,0,0,0,0,0,0,0,0,0,0,0,0,0,0,0,0,0,0,0,0,0,0,0,0,0,0,0,0,0,0,0,0,0,0,0,0,0,0,0,0,0
3053,BUG_FIX,pm2,https://github.com/Unitech/pm2/commit/f2ce631dd107a382edc22a8c4495462508ed0fe6,29fc72b3e8f11588ddfdbb75c84b67d9227ae849,f2ce631dd107a382edc22a8c4495462508ed0fe6,'\'ClassNA\'','\'MethodNA\'','?',0.6,0,0,0,0,0,0,0,0,0,0,0,0,0,0,0,0,0,0,0,0,0,0,0,0,0,0,0,0,0,0,0,0,0,0,0,0,0,0,0,0,0,0,0,0,0,0,0,0,0,0,0,0,0,0,0,0,0,0,0,0,0,0,0,0,0,0,0,0,0,0,1,0,0,0,0,0,0,0,0,0,0,0,0,0,0,0,0,0,0,0,0,0,0,0,0,0,0
3089,BUG_FIX,pm2,https://github.com/Unitech/pm2/commit/72dc4572abeec46781fa5b0bccfdd59429642634,d638442db6c76529b6ef0b91a5e2eeb0ede8a81e,72dc4572abeec46781fa5b0bccfdd59429642634,'\'ClassNA\'','\'MethodNA\'','?',1,0,0,1,0,0,0,0,0,0,0,0,0,0,0,0,0,0,0,0,0,0,0,0,1,0,0,0,0,0,0,1,0,0,0,0,0,0,0,0,0,0,0,0,0,0,0,0,0,0,0,0,0,0,0,0,0,0,0,0,0,0,0,0,0,0,0,0,0,0,1,0,0,0,1,0,0,0,0,0,0,0,0,0,0,0,0,0,0,0,0,0,0,0,0,0,0,0
3116,BUG_FIX,pm2,https://github.com/Unitech/pm2/commit/986b7921f7968afac3a43d12a594f68ba0e7a31c,902ef23294f3dca40e36705800ccf9e4db973d00,986b7921f7968afac3a43d12a594f68ba0e7a31c,'\'ClassNA\'','\'MethodNA\'','?',0.4,0,1,0,0,0,0,0,0,0,0,0,0,0,0,0,0,0,0,0,0,0,0,0,0,0,0,0,0,0,0,0,0,1,0,0,0,0,0,0,0,0,0,0,0,0,0,0,0,0,0,0,0,0,0,0,0,0,0,0,0,0,0,0,0,0,0,0,0,0,0,0,0,0,0,0,0,0,0,0,0,0,0,0,0,0,0,1,0,0,0,0,0,0,0,0,0,0
3117,BUG_FIX,pm2,https://github.com/Unitech/pm2/commit/902ef23294f3dca40e36705800ccf9e4db973d00,b8a921635f2728bf86acb8d023092792db4d2c59,902ef23294f3dca40e36705800ccf9e4db973d00,'\'ClassNA\'','\'MethodNA\'','?',0.2,0,0,0,0,0,0,0,0,0,0,0,0,0,0,0,0,0,0,0,0,0,0,0,0,0,0,0,0,0,0,0,0,0,0,0,0,0,0,0,0,0,0,0,0,0,0,0,0,0,0,0,0,0,0,0,0,0,0,0,0,0,0,0,0,0,0,0,0,0,0,0,0,0,2,0,0,0,0,0,0,0,0,0,1,0,0,0,0,0,0,0,0,0,0,0,0,0
3119,BUG_FIX,pm2,https://github.com/Unitech/pm2/commit/4fd8351188a9adf6d15a4fce7e7089208fb988c8,e0704add535f19d99ffd59fd6648d1260ad62677,4fd8351188a9adf6d15a4fce7e7089208fb988c8,'\'ClassNA\'','\'MethodNA\'','?',0.2,0,0,0,0,0,0,0,0,0,0,0,0,0,0,0,0,0,0,0,0,0,0,0,0,0,0,0,0,0,1,0,0,0,0,0,0,0,0,1,0,0,0,0,0,1,0,0,0,0,0,0,0,0,0,0,0,0,0,0,0,0,0,0,0,0,0,0,0,0,0,0,0,0,0,0,0,0,0,0,0,0,0,0,0,0,0,0,0,0,0,0,0,0,0,0,0,0
3140,BUG_FIX,pm2,https://github.com/Unitech/pm2/commit/061f2a7ab2ade06138fc596ae24749429b8312c1,994b27b3909d700d095a76af7ac66763dbd9c321,061f2a7ab2ade06138fc596ae24749429b8312c1,'\'ClassNA\'','\'MethodNA\'','?',0.4,0,1,0,0,0,0,0,0,0,0,0,0,0,0,0,0,0,0,0,0,0,0,0,0,0,0,0,0,0,0,0,0,0,0,0,0,0,0,0,0,0,0,0,0,0,0,0,0,0,0,0,0,0,0,0,0,0,0,0,0,0,0,0,0,0,0,0,0,0,0,0,0,0,0,0,0,0,0,0,0,0,0,0,0,0,0,0,0,0,0,0,0,0,0,0,0,0
3156,BUG_FIX,pm2,https://github.com/Unitech/pm2/commit/25f341584303b241af872e40f4949b6aeff3b0a3,8e7ea295b7510f429f8066171a54dd8a597b83eb,25f341584303b241af872e40f4949b6aeff3b0a3,'\'ClassNA\'','\'MethodNA\'','?',0.4,0,0,0,0,0,0,0,0,0,0,0,0,0,0,0,0,0,0,0,0,0,0,0,0,0,0,0,0,1,0,0,0,0,0,0,0,0,0,0,0,0,0,0,0,1,0,0,0,0,0,0,0,0,0,0,0,0,0,0,0,0,0,0,0,0,0,0,0,0,0,0,0,0,0,0,0,0,0,1,0,0,0,0,0,0,0,0,0,0,0,0,0,0,0,0,0,0
3216,BUG_FIX,pm2,https://github.com/Unitech/pm2/commit/b1a9e2710188252fae5ce02ac780191df432ed1b,7cd1971adafd702ca49a46d93d3b7083612e2052,b1a9e2710188252fae5ce02ac780191df432ed1b,'\'ClassNA\'','\'MethodNA\'','?',0.4,0,0,0,0,0,0,0,0,0,0,0,0,0,0,0,0,0,0,0,0,0,0,0,0,0,0,0,0,0,0,0,0,0,0,0,0,0,0,0,0,0,0,0,0,0,0,0,0,0,0,0,0,0,0,0,0,0,0,0,1,0,0,0,0,0,0,0,0,0,0,0,0,0,0,0,0,0,0,0,0,1,0,0,0,0,0,0,0,0,0,0,0,0,0,0,0,0
3217,BUG_FIX,pm2,https://github.com/Unitech/pm2/commit/7cd1971adafd702ca49a46d93d3b7083612e2052,7736c2940e4b6cd2e18806a950728d477e54c426,7cd1971adafd702ca49a46d93d3b7083612e2052,'\'ClassNA\'','\'MethodNA\'','?',0.8,0,0,0,0,0,0,0,0,0,0,0,0,0,0,0,0,0,0,0,0,0,0,0,0,0,0,0,0,0,0,0,0,0,0,0,0,0,0,0,0,0,0,0,0,0,0,0,0,0,0,0,0,0,0,0,0,0,0,0,1,0,0,0,0,0,0,0,0,0,0,0,0,0,0,0,0,0,0,0,0,1,0,0,0,0,0,0,0,0,0,0,0,0,0,0,0,0
3227,BUG_FIX,pm2,https://github.com/Unitech/pm2/commit/5ee8e01a0c960b7514efef407c89a2fb13d262b7,f1dd2e813c7a36e0fd148daa47d412dee040806d,5ee8e01a0c960b7514efef407c89a2fb13d262b7,'\'ClassNA\'','\'MethodNA\'','?',0.8,0,1,0,0,0,0,0,0,0,0,0,0,0,0,0,0,0,0,0,0,0,0,0,0,0,0,0,0,0,0,0,0,1,0,0,0,0,0,0,0,0,0,0,0,0,0,0,0,0,0,0,0,0,0,0,0,0,0,0,0,0,0,0,0,0,0,0,0,0,0,0,0,0,0,0,0,0,0,0,0,0,0,0,0,0,0,0,0,0,0,0,0,0,0,0,0,0
3250,BUG_FIX,pm2,https://github.com/Unitech/pm2/commit/895ed0cc0b6c43b295ac528364da5eff3b37025a,5eae21f6078e279e5af7760a07e1fcce54797f33,895ed0cc0b6c43b295ac528364da5eff3b37025a,'\'ClassNA\'','\'MethodNA\'','?',1,0,3,0,1,0,0,0,0,0,0,0,0,0,0,0,0,0,0,0,0,0,0,0,0,0,0,0,0,0,0,0,0,0,0,0,0,0,0,0,0,0,0,0,0,0,0,0,0,0,0,0,0,0,0,0,0,0,0,0,0,0,0,0,0,0,0,0,0,0,0,0,0,0,0,0,0,1,0,0,1,0,0,0,0,0,0,0,0,0,0,0,0,0,0,0,0,0
3270,BUG_FIX,pm2,https://github.com/Unitech/pm2/commit/7b76d898454a224c5740cac221e534291a49d189,ffaa90e964e4fa065bcf973bd55fcecf5796072f,7b76d898454a224c5740cac221e534291a49d189,'\'ClassNA\'','\'MethodNA\'','?',0.4,0,0,0,0,0,0,0,0,1,0,0,0,0,0,0,0,0,0,1,0,0,0,0,0,0,0,1,1,0,0,0,0,0,0,0,0,1,0,0,0,0,0,0,0,0,0,0,0,0,0,0,0,0,0,0,0,0,0,0,0,0,0,0,0,0,0,0,0,0,0,0,0,0,0,0,0,0,0,0,0,0,0,0,0,0,0,0,0,0,0,0,0,0,0,0,0,0
3271,BUG_FIX,pm2,https://github.com/Unitech/pm2/commit/ffaa90e964e4fa065bcf973bd55fcecf5796072f,f0e130828a5dc608a98467df9a13e5ade62ac9dd,ffaa90e964e4fa065bcf973bd55fcecf5796072f,'\'ClassNA\'','\'MethodNA\'','?',0.2,0,0,0,0,0,0,0,0,0,0,0,0,0,0,0,0,0,0,1,0,0,0,0,0,0,0,0,0,0,0,0,0,0,0,0,0,0,0,0,0,0,0,0,0,0,0,0,0,0,0,0,0,0,0,0,0,0,0,0,0,0,0,0,0,0,0,0,0,0,0,0,0,0,0,0,0,0,0,0,0,0,0,0,0,0,0,0,0,0,0,0,0,0,0,0,1,0
3288,BUG_FIX,pm2,https://github.com/Unitech/pm2/commit/443f5fcab4344791784237ec209793eb416e8fd2,90654b33ebfc076cf3e48b63b3c683a4baea27d0,443f5fcab4344791784237ec209793eb416e8fd2,'\'ClassNA\'','\'MethodNA\'','?',1,0,0,0,0,0,0,0,0,0,0,0,0,0,0,0,0,0,0,0,0,0,0,0,0,0,0,0,0,0,0,0,1,0,0,0,0,0,0,0,0,0,0,0,0,0,0,0,0,0,0,0,0,0,0,0,0,0,0,0,0,0,0,0,0,0,0,0,0,0,0,0,0,0,0,1,0,0,0,0,0,0,0,0,0,0,0,0,0,0,0,0,0,0,0,0,0,0
3290,BUG_FIX,pm2,https://github.com/Unitech/pm2/commit/f457f5ff46701aba1f175f4c232f2311d1f50010,3d3a73f369d99126eb9d1e35f38ef98b3f934db1,f457f5ff46701aba1f175f4c232f2311d1f50010,'\'ClassNA\'','\'MethodNA\'','?',0.4,0,0,0,1,0,0,0,0,0,0,0,0,0,0,0,0,0,0,0,0,0,0,0,0,0,0,0,0,0,0,0,0,0,0,0,0,0,0,0,0,0,0,0,0,0,0,0,0,0,0,0,0,0,0,0,0,0,0,0,0,0,0,0,0,0,0,0,0,0,0,0,0,0,0,1,0,0,0,0,1,0,0,0,0,0,0,0,0,0,0,0,0,0,0,0,0,0
3297,BUG_FIX,pm2,https://github.com/Unitech/pm2/commit/a13295959e73e4efc95fff023fa07a924def0c1d,c922510c4f140cd48b1e1eef0c2700cba7111fbf,a13295959e73e4efc95fff023fa07a924def0c1d,'\'ClassNA\'','\'MethodNA\'','?',0.4,0,1,0,0,0,0,0,0,0,0,0,0,0,0,0,0,0,0,0,0,0,0,0,0,0,0,0,0,0,0,0,0,0,0,0,0,0,0,0,0,0,0,0,0,0,0,0,0,0,0,0,0,0,0,0,0,0,0,0,0,0,0,0,0,0,0,0,0,0,0,0,0,0,1,0,0,1,0,0,0,0,0,0,0,0,0,0,0,0,0,0,0,0,0,0,0,0
3299,BUG_FIX,pm2,https://github.com/Unitech/pm2/commit/c7ac131fe5f0dbd086098336ea7b4d1d5c3b08d7,751c75a0a649c4ca0c28144d925dd55bb965c827,c7ac131fe5f0dbd086098336ea7b4d1d5c3b08d7,'\'ClassNA\'','\'MethodNA\'','?',1,0,0,0,0,0,0,0,0,0,0,0,0,0,0,0,0,0,0,0,0,0,0,0,0,0,0,0,0,1,0,0,0,0,0,0,0,0,0,0,0,0,0,0,0,0,0,0,0,0,0,0,0,0,0,0,0,0,0,0,0,0,0,0,0,0,0,0,0,0,0,0,0,0,1,0,0,0,0,0,0,0,0,0,0,0,0,0,0,0,0,0,0,0,0,0,0,0
3337,BUG_FIX,pm2,https://github.com/Unitech/pm2/commit/0a713632dc5ce58f1900818035de73121f08f20f,efcd7c82060c9dfe008d1033faa10a9c2e340baa,0a713632dc5ce58f1900818035de73121f08f20f,'\'ClassNA\'','\'MethodNA\'','?',0.2,0,0,0,0,0,0,0,0,0,0,0,0,0,0,0,0,0,0,1,0,0,0,0,0,0,0,0,0,0,0,0,0,0,0,0,0,0,0,0,0,0,0,0,0,0,0,0,0,0,0,0,0,0,0,0,0,0,0,0,0,0,0,0,0,0,0,0,0,0,0,0,1,0,0,0,0,0,0,0,0,0,0,0,0,0,0,0,0,0,0,0,0,0,0,0,0,0
3392,BUG_FIX,pm2,https://github.com/Unitech/pm2/commit/8a2cae1dbf53ee66be132aec3d72419a6b86cd96,64b07ca9a0363baba765c7033bfb18a064c72a65,8a2cae1dbf53ee66be132aec3d72419a6b86cd96,'\'ClassNA\'','\'MethodNA\'','?',0.4,0,2,0,0,0,0,0,0,0,0,0,0,0,0,0,0,0,0,0,0,0,0,0,0,0,0,0,0,0,0,0,0,0,0,0,0,0,0,0,0,0,0,0,0,0,0,0,0,0,0,0,0,0,0,0,0,0,0,0,0,0,0,0,0,0,0,0,0,0,0,0,0,0,0,0,0,2,0,0,0,0,0,0,0,0,0,0,0,0,0,0,0,0,0,0,0,0
3393,BUG_FIX,pm2,https://github.com/Unitech/pm2/commit/64b07ca9a0363baba765c7033bfb18a064c72a65,0db7221f5a37961c841ba7b048d283b0331777b9,64b07ca9a0363baba765c7033bfb18a064c72a65,'\'ClassNA\'','\'MethodNA\'','?',0.6,0,2,0,0,0,0,0,0,0,0,0,0,0,0,0,0,0,0,0,0,0,0,0,0,0,0,0,0,0,0,0,0,0,0,0,0,0,0,0,0,0,0,0,0,0,0,0,0,0,0,0,0,0,0,0,0,0,0,0,0,0,0,0,0,0,0,0,0,0,0,0,0,0,0,0,0,2,0,0,0,0,0,0,0,0,0,0,0,0,0,0,0,0,0,0,0,0
3432,BUG_FIX,pm2,https://github.com/Unitech/pm2/commit/8c2944cf15419bb3c1a6e5f5ac8a65279031d190,c745b481895f161ce4a0aa34c1d1a37b272b4855,8c2944cf15419bb3c1a6e5f5ac8a65279031d190,'\'ClassNA\'','\'MethodNA\'','?',1,0,1,0,0,0,0,0,0,0,0,0,0,0,0,0,0,0,0,0,0,0,0,0,0,0,0,0,0,0,0,0,0,1,0,0,0,0,0,0,0,0,0,0,0,0,0,0,0,0,0,0,0,0,0,0,0,0,0,0,0,0,0,0,0,0,0,0,1,0,0,2,0,0,0,0,0,0,0,0,0,0,0,0,0,0,0,0,0,1,0,0,0,0,0,0,0,0
3462,BUG_FIX,pm2,https://github.com/Unitech/pm2/commit/61a627eff55e7518bcb012438cb0cf0d305dadb5,3f6323f9571e637107f44b4fae65d84e9d337b1f,61a627eff55e7518bcb012438cb0cf0d305dadb5,'\'ClassNA\'','\'MethodNA\'','?',1,0,0,0,0,0,0,0,0,0,0,0,0,0,0,0,0,0,0,0,0,0,0,0,0,0,0,0,0,0,0,0,0,1,1,0,0,0,0,0,0,0,0,0,0,0,0,0,0,0,0,0,0,0,0,0,0,0,0,0,0,0,0,0,0,0,0,0,0,0,0,0,0,0,0,0,0,0,0,0,0,0,0,1,0,0,0,0,0,0,0,0,0,0,0,0,0,0
3474,BUG_FIX,pm2,https://github.com/Unitech/pm2/commit/2007c588efa7e2d94f5d072104d667acf924be0c,63cc2cbc81b1a879778aa3ef19011f2c3db1bc1c,2007c588efa7e2d94f5d072104d667acf924be0c,'\'ClassNA\'','\'MethodNA\'','?',0.2,0,1,0,0,0,0,0,0,0,0,0,0,0,0,0,0,0,0,0,0,0,0,0,0,0,0,0,0,0,0,0,0,0,0,0,0,0,0,0,0,0,0,0,0,0,0,0,0,0,0,0,0,0,0,0,0,0,0,0,0,0,0,0,0,0,0,0,0,0,0,0,0,0,0,0,0,0,0,0,0,0,0,0,0,0,0,0,0,0,0,0,0,0,0,0,0,0
3476,BUG_FIX,pm2,https://github.com/Unitech/pm2/commit/c69ba1f7cfc0438a2fb50289408919c696b9f2d6,ca1a10ff7131434bf52de169764bfc11a9d6e624,c69ba1f7cfc0438a2fb50289408919c696b9f2d6,'\'ClassNA\'','\'MethodNA\'','?',1.2,0,2,0,1,0,0,0,0,0,0,0,0,0,0,0,0,0,0,0,0,0,0,0,0,0,0,1,0,0,0,0,0,0,0,0,0,0,0,0,0,0,0,0,0,0,0,0,0,0,0,0,0,0,0,0,0,0,0,0,0,0,0,0,0,0,0,0,0,0,0,0,0,0,0,0,0,0,0,0,0,0,0,0,0,0,0,0,0,0,0,0,0,0,0,0,0,0
3505,BUG_FIX,pm2,https://github.com/Unitech/pm2/commit/840d760fd7ee6df3ec600ce6efe13f54a63125f2,6455d7eafa03058b8d5cc7970b819865fcaf6eb1,840d760fd7ee6df3ec600ce6efe13f54a63125f2,'\'ClassNA\'','\'MethodNA\'','?',1,0,1,0,0,0,0,0,0,0,0,0,0,0,0,0,0,0,0,0,0,0,0,1,0,0,0,0,0,1,1,0,0,0,0,0,1,0,0,0,0,0,0,0,0,0,0,0,0,0,1,0,0,0,0,0,0,0,0,0,0,0,0,0,0,0,0,0,0,0,0,0,0,0,0,0,0,0,0,0,0,0,0,0,0,0,0,0,0,0,0,0,0,0,0,0,0,0
3517,BUG_FIX,pm2,https://github.com/Unitech/pm2/commit/4f78a6bde06fec65823aa3b2dafb37c8170dd73d,797fd474438c435d9b387c8f3f994a39098e6e08,4f78a6bde06fec65823aa3b2dafb37c8170dd73d,'\'ClassNA\'','\'MethodNA\'','?',0.4,0,0,0,1,0,0,0,0,0,0,0,0,0,0,0,0,0,0,0,0,0,0,0,0,0,0,0,0,0,0,0,0,0,1,0,0,0,0,0,0,0,0,0,0,0,0,0,0,0,0,0,0,0,0,0,0,0,0,0,0,0,0,0,0,0,0,0,0,0,1,0,0,0,0,0,0,0,0,0,0,0,0,0,0,0,0,0,0,0,0,1,0,1,0,0,0,0
3530,BUG_FIX,pm2,https://github.com/Unitech/pm2/commit/409892fe15c0621047cd60c52cb9bbf5cb640c81,e39c5b9aac5ea43e58b3a8be55607bf270b6b064,409892fe15c0621047cd60c52cb9bbf5cb640c81,'\'ClassNA\'','\'MethodNA\'','?',0.6,0,0,0,0,0,0,0,0,0,0,0,0,0,0,0,0,0,0,0,0,0,0,0,0,0,0,0,0,0,0,0,0,0,0,0,0,0,0,0,0,0,0,0,0,0,0,0,0,0,0,0,1,0,0,0,0,0,0,0,0,0,0,0,0,0,0,0,0,0,0,0,0,0,0,0,0,0,0,0,0,0,0,0,0,0,0,0,0,0,0,0,0,0,0,0,0,0
3531,BUG_FIX,pm2,https://github.com/Unitech/pm2/commit/090c032e1d4a15698468bc1e0407a84dbb438c21,6e624b15a006336beffd8ed0a7fa86c5b1f045f8,090c032e1d4a15698468bc1e0407a84dbb438c21,'\'ClassNA\'','\'MethodNA\'','?',1.2,0,0,0,0,0,0,0,0,0,0,0,0,0,0,0,0,0,0,0,0,0,0,0,0,0,0,0,0,1,0,0,0,1,0,0,0,0,0,0,1,0,0,1,0,1,0,1,0,0,0,0,0,1,0,0,0,0,0,0,0,0,0,0,0,0,0,0,0,0,0,0,0,0,0,0,0,0,0,0,0,0,0,0,0,0,0,0,0,0,0,0,0,0,0,0,0,0
3533,BUG_FIX,pm2,https://github.com/Unitech/pm2/commit/f3f19c8ea0a6550a4c0ec738aee462b52f1dac8e,ed158771c6bbef434cac846e7eb06956dab899d9,f3f19c8ea0a6550a4c0ec738aee462b52f1dac8e,'\'ClassNA\'','\'MethodNA\'','?',1.2,0,1,0,0,0,0,0,0,0,0,0,0,0,0,0,0,0,0,0,0,0,0,0,0,0,0,0,0,1,0,0,0,0,0,0,0,0,0,0,0,0,0,0,0,0,0,0,0,0,0,0,0,0,0,0,0,0,0,0,0,0,0,0,0,0,0,0,0,0,0,0,0,0,1,0,0,1,0,0,0,0,0,0,0,0,0,0,0,0,0,0,0,0,0,0,0,0
3569,BUG_FIX,pm2,https://github.com/Unitech/pm2/commit/c382d5478eeacae899a433049eb0251b3d25206e,da514e6ac26ad41c8a746277b67ce4f64a897740,c382d5478eeacae899a433049eb0251b3d25206e,'\'ClassNA\'','\'MethodNA\'','?',0.6,0,1,0,0,0,0,0,1,0,0,0,0,1,0,0,0,0,0,0,0,0,0,0,0,0,0,0,0,0,0,0,0,0,0,0,0,0,0,0,0,0,0,0,0,0,0,0,0,0,0,0,0,0,0,0,0,0,0,0,0,0,0,0,0,0,0,0,0,0,0,0,0,0,0,0,0,0,0,0,0,0,0,0,0,0,0,0,0,0,0,0,0,0,0,0,0,0
3593,BUG_FIX,pm2,https://github.com/Unitech/pm2/commit/feda2fd5d344226faea6a6fd6eaeed1ca6cd1df1,b86194d79b1480691bf00f4a1a6c91e03741d29e,feda2fd5d344226faea6a6fd6eaeed1ca6cd1df1,'\'ClassNA\'','\'MethodNA\'','?',0.2,0,0,0,0,0,0,0,0,0,0,0,0,0,0,0,0,0,0,0,0,0,0,0,0,0,1,0,1,0,0,0,0,0,0,0,0,0,0,0,0,0,0,0,0,0,0,0,0,0,0,0,0,0,0,0,0,0,0,0,0,0,0,0,0,0,0,0,0,0,0,0,0,0,0,0,0,0,0,0,0,0,0,0,0,0,0,0,0,0,0,0,0,0,0,0,0,0
3598,BUG_FIX,pm2,https://github.com/Unitech/pm2/commit/9b3d3c6515395b4d5d034eef2e6eb29b0bec40db,b6c981d665cfbe80c97753e0b1029c8863b403a1,9b3d3c6515395b4d5d034eef2e6eb29b0bec40db,'\'ClassNA\'','\'MethodNA\'','?',0.2,0,0,0,0,0,0,0,0,0,0,0,0,0,0,0,0,0,0,1,0,0,0,0,0,0,0,0,0,0,0,0,0,0,0,0,0,0,0,0,0,0,0,0,0,0,0,0,0,0,0,0,0,0,0,0,0,0,0,0,0,0,0,0,0,1,0,0,0,0,0,0,0,0,0,0,0,0,0,0,0,0,0,0,0,0,0,0,0,0,0,0,0,0,0,0,0,0
3698,BUG_FIX,pm2,https://github.com/Unitech/pm2/commit/c66523df0c4cc6a1dce63f8192637f2e0d0ae7e0,21fe4265e2408519e93af14950325d28fcf0c4bd,c66523df0c4cc6a1dce63f8192637f2e0d0ae7e0,'\'ClassNA\'','\'MethodNA\'','?',0.2,0,0,0,0,0,0,0,0,1,0,0,0,0,0,0,0,0,0,0,0,0,0,0,0,0,0,0,0,0,0,0,0,0,0,0,0,0,0,0,0,0,0,1,0,0,0,0,0,0,0,0,0,0,0,0,0,0,0,0,0,0,0,0,0,0,0,0,0,0,0,0,0,0,0,0,0,0,0,0,0,0,0,0,0,0,0,0,0,0,0,0,0,0,0,0,0,0
3802,BUG_FIX,pm2,https://github.com/Unitech/pm2/commit/aa19782973ab30480ba808d9dfad4b2b28738d25,d68b7ea1a5e9795b92411f1304fbb6e51d3fb5e9,aa19782973ab30480ba808d9dfad4b2b28738d25,'\'ClassNA\'','\'MethodNA\'','?',0.2,0,2,0,0,0,0,0,0,0,0,0,0,0,0,0,0,0,0,0,0,0,0,0,0,0,0,0,0,0,1,0,0,0,0,0,0,0,0,0,0,0,0,0,0,0,0,0,0,0,0,0,0,0,0,0,0,0,0,0,0,0,0,0,0,0,0,0,0,0,0,0,0,0,0,0,0,0,0,0,0,0,0,0,0,0,0,0,0,0,0,0,0,0,0,0,0,0
3817,BUG_FIX,pm2,https://github.com/Unitech/pm2/commit/9eaeb0e3a5ce961fc08955a68d43f42c452f7f8f,562601aa2ce41f7b836aa60fb7455864b9f97bbb,9eaeb0e3a5ce961fc08955a68d43f42c452f7f8f,'\'ClassNA\'','\'MethodNA\'','?',1.2,0,1,0,0,0,0,0,0,0,0,0,0,0,0,0,0,0,0,0,0,0,0,0,0,0,0,0,0,1,0,0,0,0,0,0,0,0,0,0,0,0,0,0,0,0,0,0,0,0,0,0,0,0,0,0,0,0,0,0,0,0,0,0,0,0,0,0,0,0,0,0,0,0,0,0,0,0,0,0,0,0,0,0,0,0,0,0,0,0,0,0,0,0,0,0,0,0
3937,BUG_FIX,pm2,https://github.com/Unitech/pm2/commit/1e5404f671736cd4ae90d11b9c7147859f41f6a5,641f4e79d915bbdb0c50ecc5fd6f676ab1ac8912,1e5404f671736cd4ae90d11b9c7147859f41f6a5,'\'ClassNA\'','\'MethodNA\'','?',0.2,0,0,0,0,0,0,0,0,0,0,0,0,0,0,0,0,0,0,0,0,0,0,0,0,0,0,0,0,0,0,0,0,1,0,0,0,0,0,0,0,0,0,0,0,0,0,0,0,0,0,0,0,0,0,0,0,0,0,0,0,0,0,0,0,0,0,0,0,0,0,0,0,0,0,0,0,0,0,0,0,0,0,0,0,0,0,0,0,1,0,0,0,0,0,0,0,0
3944,BUG_FIX,pm2,https://github.com/Unitech/pm2/commit/549654b7a901a1d030910340733b5d6e5aa9dc76,ce810bd82f4fcf96849860aff12467b4978a7b6a,549654b7a901a1d030910340733b5d6e5aa9dc76,'\'ClassNA\'','\'MethodNA\'','?',0.4,0,1,0,0,0,0,0,0,0,0,0,0,0,0,0,0,0,0,0,0,0,0,0,0,0,0,0,0,0,2,0,0,0,0,0,0,0,0,0,0,0,0,0,0,0,0,0,0,0,0,0,0,0,0,0,0,0,0,0,0,0,0,0,0,0,0,0,0,0,0,0,0,0,0,0,0,0,0,0,0,0,0,0,0,0,1,0,0,0,0,0,0,0,0,0,0,0
3965,BUG_FIX,pm2,https://github.com/Unitech/pm2/commit/089f814b78f38394975c3c8bae123e6b6f7bf644,356f7683ccbb8c50b69dab76fcce2669c566b372,089f814b78f38394975c3c8bae123e6b6f7bf644,'\'ClassNA\'','\'MethodNA\'','?',0.6,0,0,0,0,0,0,0,0,0,0,0,0,0,0,0,0,0,0,0,0,0,0,0,0,0,0,0,0,0,0,0,0,0,0,0,0,0,0,0,0,0,0,0,0,0,0,0,0,1,0,0,0,0,0,0,0,0,0,0,0,0,0,0,0,0,0,0,0,0,0,0,0,0,0,0,0,0,0,0,0,0,0,0,0,0,0,0,0,0,0,0,0,0,0,0,0,0
4012,BUG_FIX,pm2,https://github.com/Unitech/pm2/commit/33c90fd431d4ed93859dc9dc06ae4142630a4ad1,452b1ea6f2fd807d4c6accf09e1a0cfd44dfeb2c,33c90fd431d4ed93859dc9dc06ae4142630a4ad1,'\'ClassNA\'','\'MethodNA\'','?',0.8,0,0,0,0,0,0,0,0,0,0,0,0,0,0,0,0,0,0,0,0,0,0,0,0,0,0,1,0,0,0,0,0,0,0,0,0,0,0,0,0,0,0,0,0,0,0,0,0,0,0,0,0,0,0,0,0,0,0,0,0,0,0,0,0,0,0,0,0,0,0,0,0,0,0,0,0,0,0,0,0,0,0,0,0,0,0,0,0,0,0,0,0,0,0,0,0,0
4057,BUG_FIX,pm2,https://github.com/Unitech/pm2/commit/05b9f8fe2d4485d742d48a7490e39be1a51bf0dd,247acd150b9d9e8e40546289d9659a2086e11414,05b9f8fe2d4485d742d48a7490e39be1a51bf0dd,'\'ClassNA\'','\'MethodNA\'','?',0.2,0,0,0,0,0,0,0,0,0,0,0,0,0,0,0,0,0,0,0,0,0,0,0,0,0,0,0,1,0,0,0,0,0,0,0,0,0,0,0,0,0,0,0,0,0,0,0,0,0,0,0,0,0,0,0,0,0,0,0,0,0,1,0,0,0,0,0,0,0,0,0,0,0,0,0,0,0,0,0,0,0,0,0,0,0,0,0,0,0,0,0,0,0,0,0,0,0
4235,BUG_FIX,pm2,https://github.com/Unitech/pm2/commit/97186ff323d074f914a2ae03de072e8895bc596d,ba32abed8bd3b2dd4c2ca22c890d0c6cdcfa46f2,97186ff323d074f914a2ae03de072e8895bc596d,'\'ClassNA\'','\'MethodNA\'','?',0.2,0,0,0,0,0,0,0,0,0,0,0,0,0,0,0,0,0,0,0,0,0,0,0,0,0,0,0,0,0,0,0,0,0,0,0,0,0,0,0,1,0,0,0,0,0,1,0,0,0,0,0,0,0,0,0,0,0,0,0,0,0,0,0,0,0,0,0,0,0,0,0,0,0,0,0,0,0,0,0,0,0,0,0,0,0,0,0,0,0,0,0,0,0,0,0,0,0